bidding_id,date,url,province,bid_or_ask,status,title,comment
BID-2025-05-07_9574722c-c9aa-4727-a6a2-d23e44a8259c,2025-05-07,https://www.zbytb.com/s-zb-57357836.html,陕西,仅招标,招标,陕西郭家河煤业有限责任公司排矸场高温隐患区防灭火治理工程招标公告,项目报价: 2万元
BID-2025-05-07_ad8f570f-255e-46cb-9247-5ff73289b723,2025-05-07,https://www.zbytb.com/s-zb-57344598.html,陕西,仅招标,招标,长庆油田分公司第三采油厂产能建设井场(站)草评报告编制及手续办理服务(盐池区域)招标公告,资质: 测绘
BID-2025-05-07_4ed23f75-0a7a-41c0-b146-42661c52dcaf,2025-05-07,https://www.zbytb.com/s-zb-57351806.html,陕西,仅招标,招标,长庆油田分公司第一采气厂2025年数据采集系统配件等一批带量采购招标公告,项目报价: 200万元
BID-2025-05-07_bee884cd-da24-4428-bc5f-7e9fa830f3cf,2025-05-07,https://www.zbytb.com/s-zb-57340032.html,陕西,仅招标,招标,中油测井WZ-202504-00155连续油管地面系统及辅助设备二次招标公告,陕西 » 西安市
BID-2025-05-07_118c8cd8-62a8-48ee-aa5d-d329e3f45462,2025-05-07,https://www.zbytb.com/s-zb-57343495.html,陕西,仅招标,招标,观澜锦上苑项目22#公租房入户门采购及安装工程竞争性磋商公告,陕西 » 西安市
BID-2025-05-07_288b097b-781a-439a-a0d8-88a9afff2449,2025-05-07,https://www.zbytb.com/s-zb-57353245.html,陕西,仅招标,招标,天津市医疗保障基金监督检查所医疗保障基金监管创新中心2025-2026年劳务派遣项目招标公告,资质: 劳务派遣经营许可证
BID-2025-05-07_80d56ed0-a94e-4cf2-851a-362d92232654,2025-05-07,https://www.zbytb.com/s-zb-57357534.html,陕西,仅招标,招标,市政公司榆林可可盖煤矿11及14盘区安装及矿务工程(二标段)项目设备配件采购招标公告,项目报价: 843万元
BID-2025-05-07_4a54a9fd-6566-4718-895d-aa4d8ed616b3,2025-05-07,https://www.zbytb.com/s-zb-57357248.html,陕西,仅招标,招标,矿山二区碎矿车间5#皮带运输机卸矿小车大修理招标公告,资质: 机电工程施工总承包三级
BID-2025-05-07_563695d0-acc8-4ba1-9a36-5f30f3b6967c,2025-05-07,https://www.zbytb.com/s-zb-57357249.html,陕西,仅招标,招标,矿山二区3#皮带运输机大修招标公告,陕西 » 西安市
BID-2025-05-07_a3d95fc8-d8a4-4cc9-a2cf-21a62ac2a3b6,2025-05-07,https://www.zbytb.com/s-zb-57353214.html,陕西,仅招标,招标,透明地质数据资源中心后端开发项目询价采购公告,陕西 » 西安市
BID-2025-05-07_c1d402a9-a97c-4ed4-9218-0c905ec1a064,2025-05-07,https://www.zbytb.com/s-zb-57356417.html,陕西,仅招标,招标,横山县天云煤矿有限公司井下智能红绿灯控制系统项目及无轨胶轮车失速报警装置采购公告悦达能源招标公告,陕西 » 榆林市
BID-2025-05-07_1f57dddc-243d-411a-9836-deb9306bd2b5,2025-05-07,https://www.zbytb.com/s-zb-57353514.html,陕西,仅招标,招标,中煤陕西能源化工集团有限公司生石灰半年期长协采购项目招标公告,陕西 » 榆林市
BID-2025-05-07_97b55f07-1275-4a10-a0b8-235c8b03a429,2025-05-07,https://www.zbytb.com/s-zb-57353145.html,陕西,仅招标,招标,西安研究院小型化快速定向陀螺模块开发项目招标公告,陕西 » 西安市
BID-2025-05-07_38109f6d-b798-4edb-b232-af12d6d29e7d,2025-05-07,https://www.zbytb.com/s-zb-57353135.html,陕西,仅招标,招标,西安研究院水文A项目四阶段标段一钻孔勘探及技术服务项目项目公告,陕西 » 西安市
BID-2025-05-07_3c7b68a1-971c-4f15-b1d0-89e0be1d5465,2025-05-07,https://www.zbytb.com/s-zb-57353164.html,陕西,仅招标,招标,西安研究院近距离煤层开采岩溶水害立体防控技术研究钻探注浆工程施工项目招标公告,陕西 » 西安市
BID-2025-05-07_d914eec3-00b6-4eca-a63b-6dfc8eed3227,2025-05-07,https://www.zbytb.com/s-zb-57344862.html,陕西,仅招标,招标,G98海南环岛高速春江大桥及演丰中桥安全隐患整治项目沥青混凝土采购公告,项目报价: 5万元
BID-2025-05-07_8defb605-695a-4199-b7cc-8e1fb85889d1,2025-05-07,https://www.zbytb.com/s-zb-57356393.html,陕西,仅招标,招标,蛋鸡产业园建设项目招标公告,资质: 建筑工程施工总承包三级
BID-2025-05-07_dded417f-0310-4f19-98e2-f21b767fd554,2025-05-07,https://www.zbytb.com/s-zb-57356586.html,陕西,仅招标,招标,精密抛磨装置招标公告,陕西 » 西安市
BID-2025-05-07_fd99f7dc-924b-40f1-b7b1-69c0e8ad8c59,2025-05-07,https://www.zbytb.com/s-zb-57351737.html,陕西,仅招标,招标,西安中节能城市供热有限公司锅炉维保服务询比采购公告,陕西 » 西安市
BID-2025-05-07_468d3a18-0221-4f06-8b00-f3bd589e0c83,2025-05-07,https://www.zbytb.com/s-zb-57356587.html,陕西,仅招标,招标,数控端面外圆磨床招标公告,陕西 » 西安市
BID-2025-05-07_cddc1b9e-506a-40ae-bc39-a611b535e474,2025-05-07,https://www.zbytb.com/s-zb-57356588.html,陕西,仅招标,招标,三维光学扫描仪招标公告,陕西 » 西安市
BID-2025-05-07_2f5f1615-5764-4ac4-8dd9-8b9c39b87e44,2025-05-07,https://www.zbytb.com/s-zb-57343485.html,陕西,仅招标,招标,国家新一代人工智能产业园C3栋室外改造工程竞争性磋商公告,资质: 建筑工程施工总承包三级
BID-2025-05-07_766f5a5d-3c7a-4455-8fc0-4882a72d9acd,2025-05-07,https://www.zbytb.com/s-zb-57350018.html,陕西,仅招标,招标,陕西彬长文家坡发电有限公司厂前区窗帘采购项目招标公告,陕西 » 咸阳市
BID-2025-05-07_23a13953-d945-4677-85fb-50b1075aebff,2025-05-07,https://www.zbytb.com/s-zb-57352626.html,陕西,仅招标,招标,于都县银坑镇返乡创业园及配套基础设施项目(一期)工程总承包项目瓷砖材料采购招标公告,项目报价: 65万元
BID-2025-05-07_91d319c2-3c18-408c-8f54-00bee2978bad,2025-05-07,https://www.zbytb.com/s-zb-57345823.html,陕西,仅招标,招标,安徽水利西北公司陕西安建汉高大道(怡魏街-萧何路)市政工程施工废旧物料出售标段1采购公告,陕西 » 西安市
BID-2025-05-07_aff329a9-de66-4920-b19e-5008b1c8d786,2025-05-07,https://www.zbytb.com/s-zb-57351729.html,陕西,仅招标,招标,中节能(西安)综合能源有限公司锅炉维保服务询比采购公告,陕西 » 西安市
BID-2025-05-07_192185c1-fe64-4f8a-9851-5f28d439d461,2025-05-07,https://www.zbytb.com/s-zb-57357027.html,陕西,仅招标,招标,校园环境及基础设施修缮-西梧桐路人行道修缮招标公告,资质: 建筑工程施工总承包三级
BID-2025-05-07_70554644-255e-4164-87da-6a714c9faafd,2025-05-07,https://www.zbytb.com/s-zb-57354443.html,陕西,仅招标,招标,循化县2024年清水河水毁修复项目工程合同公告,陕西 » 商洛市
BID-2025-05-07_43e6b895-562f-49ff-92e6-3b390f9bc617,2025-05-07,https://www.zbytb.com/s-zb-57351807.html,陕西,仅招标,招标,中油测井物资装备公司FW-202504-00215CCFET综合测井仪租赁招标公告,项目报价: 300万元
BID-2025-05-07_e545daa0-67c7-47c3-8964-2d59c0e42317,2025-05-07,https://www.zbytb.com/s-zb-57352059.html,陕西,仅招标,招标,中煤西北能源乌审旗2×660MW煤电一体化工程(第4批)辅机设备采购进口调节阀采购公告,资质: 机电工程施工总承包三级
BID-2025-05-07_04642df6-05af-4b84-8d72-7da48ca01550,2025-05-07,https://www.zbytb.com/s-zb-57352070.html,陕西,仅招标,招标,中煤西北能源乌审旗2×660MW煤电一体化工程(第4批)辅机设备采购减温减压器采购公告,资质: 机电工程施工总承包三级
BID-2025-05-07_6a2747a6-279b-4477-9b4d-4e69b0f2aae9,2025-05-07,https://www.zbytb.com/s-zb-57352084.html,陕西,仅招标,招标,中煤西北能源乌审旗2×660MW煤电一体化工程(第4批)辅机设备采购辅汽联箱及压缩空气罐采购公告,资质: 机电工程施工总承包三级
BID-2025-05-07_b925a694-de9c-49d3-b4f5-64211280e989,2025-05-07,https://www.zbytb.com/s-zb-57352093.html,陕西,仅招标,招标,中煤西北能源乌审旗2×660MW煤电一体化工程(第4批)辅机设备采购高密闭排风装置采购公告,资质: 机电工程施工总承包三级
BID-2025-05-07_96c27405-e870-4531-a1f6-97d29d818574,2025-05-07,https://www.zbytb.com/s-zb-57351936.html,陕西,仅招标,招标,中煤西北能源乌审旗2×660MW煤电一体化工程(第4批)辅机设备采购新风机组采购公告,资质: 机电工程施工总承包三级
BID-2025-05-07_e727fe97-e663-402c-a88a-3a5b5316828a,2025-05-07,https://www.zbytb.com/s-zb-57351939.html,陕西,仅招标,招标,中煤西北能源乌审旗2×660MW煤电一体化工程(第4批)辅机设备采购生活水加热装置采购公告,资质: 机电工程施工总承包三级
BID-2025-05-07_578f33a4-7552-451e-b521-02aaec46b5bc,2025-05-07,https://www.zbytb.com/s-zb-57356395.html,陕西,仅招标,招标,浐灞生态区锦堤住宅项目营销代理服务二次招标公告,资质: 房地产开发
BID-2025-05-07_3b201e4e-9274-4e56-b46f-d6fa195f91e6,2025-05-07,https://www.zbytb.com/s-zb-57351881.html,陕西,仅招标,招标,中煤西北能源乌审旗2×660MW煤电一体化工程(第4批)辅机设备采购湿式水膜除尘器采购公告,资质: 机电工程施工总承包三级
BID-2025-05-07_3345d6a9-98cf-412a-a63e-97de2f97cb51,2025-05-07,https://www.zbytb.com/s-zb-57351885.html,陕西,仅招标,招标,中煤西北能源乌审旗2×660MW煤电一体化工程(第4批)辅机设备采购汽机振动监测和故障诊断系统采购公告,资质: 机电工程施工总承包三级
BID-2025-05-07_54d5409f-d2ca-48bc-a5b8-13ddf26d1d1e,2025-05-07,https://www.zbytb.com/s-zb-57350399.html,陕西,仅招标,招标,中铁一局集团第五工程有限公司成渝高速公路改扩建工程TJ05标项目经理部物资招标采购(商品混凝土和碎石)招标公告,项目报价: 183600元
BID-2025-05-07_b896e818-8f55-4053-9383-4f90a713cc2a,2025-05-07,https://www.zbytb.com/s-zb-57351889.html,陕西,仅招标,招标,中煤西北能源乌审旗2×660MW煤电一体化工程(第4批)辅机设备采购500kV电抗器采购公告,资质: 机电工程施工总承包三级
BID-2025-05-07_740f7ebe-7d31-4a11-99c0-6131646f57e1,2025-05-07,https://www.zbytb.com/s-zb-57351893.html,陕西,仅招标,招标,中煤西北能源乌审旗2×660MW煤电一体化工程(第4批)辅机设备采购离相封闭母线采购公告,资质: 机电工程施工总承包三级
BID-2025-05-07_5324ae1c-b118-47ee-8a6c-5f588e6d20e4,2025-05-07,https://www.zbytb.com/s-zb-57351900.html,陕西,仅招标,招标,中煤西北能源乌审旗2×660MW煤电一体化工程(第4批)辅机设备采购共箱母线、交直流励磁母线采购公告,资质: 机电工程施工总承包三级
BID-2025-05-07_20ae6cca-511c-467e-ad1a-8db82b3deef2,2025-05-07,https://www.zbytb.com/s-zb-57351902.html,陕西,仅招标,招标,中煤西北能源乌审旗2×660MW煤电一体化工程(第4批)辅机设备采购低压干式变压器采购公告,资质: 机电工程施工总承包三级
BID-2025-05-07_dca76655-6e54-40d3-a795-a27c532c42bc,2025-05-07,https://www.zbytb.com/s-zb-57351907.html,陕西,仅招标,招标,中煤西北能源乌审旗2×660MW煤电一体化工程(第4批)辅机设备采购发变组/降压变/启备变保护A采购公告,资质: 机电工程施工总承包三级
BID-2025-05-07_1ae369b6-d1a1-48c9-9a88-1bf1aa9fd4ce,2025-05-07,https://www.zbytb.com/s-zb-57351911.html,陕西,仅招标,招标,中煤西北能源乌审旗2×660MW煤电一体化工程(第4批)辅机设备采购发变组/降压变/启备变保护B采购公告,资质: 机电工程施工总承包三级
BID-2025-05-07_0efcb554-95ae-4079-842c-58f2575329e5,2025-05-07,https://www.zbytb.com/s-zb-57351915.html,陕西,仅招标,招标,中煤西北能源乌审旗2×660MW煤电一体化工程(第4批)辅机设备采购可调缩孔采购公告,资质: 机电工程施工总承包三级
BID-2025-05-07_8b2e28cb-5aa3-4425-a2ef-5144dfe72e06,2025-05-07,https://www.zbytb.com/s-zb-57351920.html,陕西,仅招标,招标,中煤西北能源乌审旗2×660MW煤电一体化工程(第4批)辅机设备采购水箱采购公告,资质: 机电工程施工总承包三级
BID-2025-05-07_e9653569-16df-4072-b9ff-bac98789aab5,2025-05-07,https://www.zbytb.com/s-zb-57350617.html,陕西,仅招标,招标,中铁长安重工有限公司八轴悬臂焊接机器人、工型梁矫正机、磁力吊、相贯线切割机、激光切割机设备采购招标公告,资质: 钢结构工程专业承包一级
BID-2025-05-07_0ad2d48e-22e2-4b7a-9596-7a9ef469dcfd,2025-05-07,https://www.zbytb.com/s-zb-57348431.html,陕西,仅招标,招标,民机电力系统集成研发管理平台项目招标公告,项目报价: 830万元
BID-2025-05-07_5c98f058-c570-471d-b9ba-32d8b9985969,2025-05-07,https://www.zbytb.com/s-zb-57348764.html,陕西,仅招标,招标,职工(劳模)疗休养合作单位入围项目招标公告,资质: 房地产开发
BID-2025-05-07_7801f7fb-1a31-4b0d-89be-3b6f23e4824c,2025-05-07,https://www.zbytb.com/s-zb-57348897.html,陕西,仅招标,招标,丝博会执委会第九届丝博会综合服务项目线上丝博会二次竞争性磋商公告,陕西 » 西安市
BID-2025-05-07_cbc74dfa-aaaa-42e7-9b8c-63e48de4df89,2025-05-07,https://www.zbytb.com/s-zb-57337916.html,陕西,仅招标,招标,铜川市新区正阳东片区排水管网改造项目招标公告,资质: 市政公用工程施工总承包二级
BID-2025-05-07_7c7a0a19-033a-4f1c-9366-716c73c81841,2025-05-07,https://www.zbytb.com/s-zb-57347974.html,陕西,仅招标,招标,松阳县固废资源循环利用项目陶粒生产系统与烟气净化系统(01皮带输送机采购项目)招标公告,陕西 » 西安市
BID-2025-05-07_de9cf0c7-a47a-4b98-8f4b-a195fac9e52d,2025-05-07,https://www.zbytb.com/s-zb-57349670.html,陕西,仅招标,招标,广西建工五建集团有限公司+华西分公司+秦皇北路道路绿化项目+垃圾外运任务招标公告,陕西 » 咸阳市
BID-2025-05-07_b0aef62b-0945-430b-91e2-5f0dedc91e90,2025-05-07,https://www.zbytb.com/s-zb-57357141.html,陕西,仅招标,招标,中国地质调查局西安矿产资源调查中心职工食堂主副食品采购项目招标公告,资质: 食品经营许可证
BID-2025-05-07_872c2b7c-0af8-4131-bd4a-07a41f87a060,2025-05-07,https://www.zbytb.com/s-zb-57351001.html,陕西,仅招标,招标,西安机场-飞行区管理部-飞行区内跑道端安全区外结构物平整(消除直立面)项目采购公告,资质: 机场目视助航工程专业承包二级
BID-2025-05-07_49fe8f50-d771-45c3-b381-b5485ecd710b,2025-05-07,https://www.zbytb.com/s-zb-57346630.html,陕西,仅招标,招标,中煤第三建设(集团)有限责任公司三十工程处海则滩项目部无缝管询价采购招标公告(一次),陕西 » 榆林市
BID-2025-05-07_fe3bf6e6-b0c6-42c4-8168-e752a083c4ae,2025-05-07,https://www.zbytb.com/s-zb-57350339.html,陕西,仅招标,招标,中煤陕西能源化工集团有限公司风筒一年期长协采购项目项目公告,陕西 » 榆林市
BID-2025-05-07_02221445-2085-4cdf-a550-5d925582b19e,2025-05-07,https://www.zbytb.com/s-zb-57357159.html,陕西,仅招标,招标,黄河水土保持工程建设局智水惠农行动——中亚智慧灌区示范基地建设与示范应用招标公告,项目报价: 310万元
BID-2025-05-07_24b3fc61-d08a-4d95-a35a-1b1a1a8b83b8,2025-05-07,https://www.zbytb.com/s-zb-57352773.html,陕西,仅招标,招标,数控端面外圆磨床项目公告,陕西 » 西安市
BID-2025-05-07_d4881f12-4aff-4a90-b45f-cd18fa824df4,2025-05-07,https://www.zbytb.com/s-zb-57351004.html,陕西,仅招标,招标,榆林机场公司五金定点采购公告,陕西 » 榆林市
BID-2025-05-07_ab65ede7-a6d9-4603-8e57-a7e2f198c6ed,2025-05-07,https://www.zbytb.com/s-zb-57343489.html,陕西,仅招标,招标,西部超导战略金属材料产业园项目1#厂房监理招标公告,资质: 工程监理综合资质
BID-2025-05-07_2182e865-0919-4de7-8532-20d13c2ee87c,2025-05-07,https://www.zbytb.com/s-zb-57350021.html,陕西,仅招标,招标,陕西彬长文家坡发电有限公司厂前区厨房设备及餐厅物资采购项目招标公告,陕西 » 咸阳市
BID-2025-05-07_0d18ad36-448d-46fc-aaf1-56c0c4c272a2,2025-05-07,https://www.zbytb.com/s-zb-57349636.html,陕西,仅招标,招标,西安华远君城项目2025年员工服装的采购申请采购公告,陕西 » 西安市
BID-2025-05-07_0bb4ed8c-b93e-457c-a36e-9d8d129d9a9e,2025-05-07,https://www.zbytb.com/s-zb-57342354.html,陕西,仅招标,招标,长武县全民健身活动中心室外工程招标公告,资质: 建筑工程施工总承包二级
BID-2025-05-07_196a9c57-2c8d-4881-a988-c3e47411a6f7,2025-05-07,https://www.zbytb.com/s-zb-57349432.html,陕西,仅招标,招标,中国二冶集团有限公司钢结构工程技术分公司中煤榆林煤炭深加工基地项目甲醇合成装置第一批次油漆招标公告,项目报价: 1万元
BID-2025-05-07_f7b9eca8-dc43-4a2d-9037-04b044b7db71,2025-05-07,https://www.zbytb.com/s-zb-57342361.html,陕西,仅招标,招标,陕煤旬邑200兆瓦风电项目工程建设监理招标公告,资质: 电力工程监理甲级
BID-2025-05-07_c87e0d3d-72e7-494e-bcfe-215247d8b7c1,2025-05-07,https://www.zbytb.com/s-zb-57352836.html,陕西,仅招标,招标,陕西延长石油物资集团有限责任公司关于油田公司运油/液车采购项目招标公告,陕西 » 西安市
BID-2025-05-07_bf5f1839-f5a9-4e00-be86-046610825ae9,2025-05-07,https://www.zbytb.com/s-zb-57348884.html,陕西,仅招标,招标,铜川新材料产业园区管理委员会铜川新材料产业园区“标准地”文物考古勘探报告三次竞争性磋商公告,陕西 » 铜川市
BID-2025-05-07_16e95790-f445-4025-8bef-93d6eeb1421c,2025-05-07,https://www.zbytb.com/s-zb-57347258.html,陕西,仅招标,招标,靖边梁镇至内蒙城川公路改建工程设计招标公告,项目报价: 5916万元
BID-2025-05-07_2bfe26e4-90ca-4049-af97-3be3529f9d01,2025-05-07,https://www.zbytb.com/s-zb-57347949.html,陕西,仅招标,招标,中国邮政集团有限公司渭南市分公司防护舱联动门等设备维修项目招标公告,陕西 » 渭南市
BID-2025-05-07_48694833-4871-4c7e-aa28-e744e3d9fb06,2025-05-07,https://www.zbytb.com/s-zb-57346267.html,陕西,仅招标,招标,石泉县2025年重点(产)商品安全监督抽检采购计划竞争性磋商公告,资质: 检验检测机构
BID-2025-05-07_326b7c4a-9b5f-4587-b01e-d07b8be9915d,2025-05-07,https://www.zbytb.com/s-zb-57351009.html,陕西,仅招标,招标,西安机场-消防急救保障部-互联网专线租用项目采购公告,陕西 » 西安市
BID-2025-05-07_edf66b82-0fe8-400c-b36e-cbc1eb913c81,2025-05-07,https://www.zbytb.com/s-zb-57346298.html,陕西,仅招标,招标,中铁十四局集团有限公司西安灞桥枣园苏村城中村改造工程项目经理部(电梯)竞争性谈判采购公告,项目报价: 800万元
BID-2025-05-07_8b65d351-c072-40c5-a5ad-d1ba2d84c9c9,2025-05-07,https://www.zbytb.com/s-zb-57347979.html,陕西,仅招标,招标,松阳县固废资源循环利用项目陶粒生产系统与烟气净化系统(26烟气净化系统采购项目)招标公告,陕西 » 西安市
BID-2025-05-07_e4b73eef-1868-450f-bb34-d2dc9c7cf479,2025-05-07,https://www.zbytb.com/s-zb-57345822.html,陕西,仅招标,招标,中节能环境启源装备墙板横梁床身等零配件一批采购公告,陕西 » 西安市
BID-2025-05-07_79ee070f-e1a0-4c5b-bd1b-821e83ca576b,2025-05-07,https://www.zbytb.com/s-zb-57349980.html,陕西,仅招标,招标,民机电力系统集成研发管理平台公告,项目报价: 830万元
BID-2025-05-07_dac7d51a-cd48-4c9c-bbc0-954209527ebd,2025-05-07,https://www.zbytb.com/s-zb-57350152.html,陕西,仅招标,招标,张家堡片区城市公共空间更新与功能提升工程－政务数据服务、城市应急和智慧城市管理设施改扩建工程社会稳定风险评估竞争性谈判公告,项目报价: 19998元
BID-2025-05-07_ce9a272c-8ea7-4734-b9de-ae6f4121ef98,2025-05-07,https://www.zbytb.com/s-zb-57344354.html,陕西,仅招标,招标,青海发投碱业有限公司关于中盐青碱隔板采购公告,陕西 » 西安市
BID-2025-05-07_d3f36f1a-f316-4fbe-96da-e4a0dd46f4bb,2025-05-07,https://www.zbytb.com/s-zb-57345845.html,陕西,仅招标,招标,中节能环境启源装备盖板隔环配件类采购公告,陕西 » 西安市
BID-2025-05-07_2ea6111b-95f6-417d-97b0-6bf54363bee7,2025-05-07,https://www.zbytb.com/s-zb-57348610.html,陕西,仅招标,招标,中节能(西安)环保能源有限公司CEMS设备返修单一来源采购公告,陕西 » 西安市
BID-2025-05-07_adcded98-f052-4581-8600-b5bf471e3672,2025-05-07,https://www.zbytb.com/s-zb-57348595.html,陕西,仅招标,招标,陕西延长石油物资集团江苏有限公司关于陕化院富平分公司木质素磺酸钠共聚物2025年度框架采购项目招标公告,陕西 » 西安市
BID-2025-05-07_5df67799-ac28-4c89-8794-de42a587d137,2025-05-07,https://www.zbytb.com/s-zb-57345818.html,陕西,仅招标,招标,中节能环境启源装备支座，支板等零配件一批采购公告,陕西 » 西安市
BID-2025-05-07_34d6031c-c321-4743-841b-9a05024b55d6,2025-05-07,https://www.zbytb.com/s-zb-57348748.html,陕西,仅招标,招标,2025年铜川分公司朝阳分局办公用房租赁项目重发公告,资质: CMA
BID-2025-05-07_746b6c00-e245-435b-8c4f-69a1477033cd,2025-05-07,https://www.zbytb.com/s-zb-57347690.html,陕西,仅招标,招标,西北科创中心工程总承包项目机械租赁框架服务采购公告,陕西 » 西安市
BID-2025-05-07_edc2445c-0a5f-4f94-8bd0-ce65302742bc,2025-05-07,https://www.zbytb.com/s-zb-57342352.html,陕西,仅招标,招标,合阳县2025年度大中型水库移民后期扶持项目招标公告,资质: 市政公用工程施工总承包三级
BID-2025-05-07_74210bbe-46db-4103-be72-db2043aacab5,2025-05-07,https://www.zbytb.com/s-zb-57343604.html,陕西,仅招标,招标,陕西延长石油物资集团江苏有限公司关于炼化公司硫化剂(液体二叔丁基聚硫化物)采购项目谈判采购公告,陕西 » 榆林市
BID-2025-05-07_a2ee04cd-3bb9-4068-bcbb-e95ff842d6d1,2025-05-07,https://www.zbytb.com/s-zb-57337909.html,陕西,仅招标,招标,西安市长安区2025年燃气管道等老化更新改造项目监理招标公告,资质: 工程监理综合资质
BID-2025-05-07_fa1c1396-31c7-475d-970b-81c16adf2825,2025-05-07,https://www.zbytb.com/s-zb-57340155.html,陕西,仅招标,招标,陕鼓单身区域保洁、绿化业务外包招标项目招标公告,陕西 » 西安市
BID-2025-05-07_de237cd6-e9a5-40c7-a22a-03bb3383f3dd,2025-05-07,https://www.zbytb.com/s-zb-57338863.html,陕西,仅招标,招标,中铁隧道局集团有限公司大盾构工程分公司西十高铁2标一工区盖板运输、摆放、安装、沟槽铺砂工程招标公告,陕西 » 西安市
BID-2025-05-07_7fe2cb31-b630-4780-9176-6944855a2e15,2025-05-07,https://www.zbytb.com/s-zb-57338838.html,陕西,仅招标,招标,长安区西安市长安区2025年燃气管道等老化更新改造项目监理招标公告,资质: 工程监理综合资质
BID-2025-05-07_f56a2328-f130-4671-be03-7f0f194f3e00,2025-05-07,https://www.zbytb.com/s-zb-57347767.html,陕西,仅招标,招标,陕西理工大学北校区音乐广场建设项目补充公告,陕西 » 汉中市
BID-2025-05-07_07ae16f1-87ee-47b0-9870-a4508972bf63,2025-05-07,https://www.zbytb.com/s-zb-57347770.html,陕西,仅招标,招标,用户技术资料信息化服务中心及数字化研制平台升级-开发软件升级-终止公告,陕西 » 西安市
BID-2025-05-07_90688277-02b2-46d1-9878-05beb9a6a8b5,2025-05-07,https://www.zbytb.com/s-zb-57346920.html,陕西,仅招标,招标,2019-2023年兴海县河卡镇宁曲村和上游村高标准农田建设(非耕地补建)项目合同公告,陕西 » 延安市
BID-2025-05-07_6aff6a51-665b-455b-a3e6-2a05328acb9f,2025-05-07,https://www.zbytb.com/s-zb-57347759.html,陕西,仅招标,招标,三维光学扫描仪项目公告,陕西 » 西安市
BID-2025-05-07_90c17cb1-30a3-454d-93d9-7dcebc2dcce3,2025-05-07,https://www.zbytb.com/s-zb-57344578.html,陕西,仅招标,招标,咸阳宝石钢管钢绳有限公司钢丝拉拔润滑剂框架招标(定商定价)-二次招标公告,项目报价: 279万元
BID-2025-05-07_1d6aafa7-ade1-4576-9508-2108e8790280,2025-05-07,https://www.zbytb.com/s-zb-57347965.html,陕西,仅招标,招标,棠樾坊、棠颂坊项目防火门联窗工程招标公告,资质: 房地产开发
BID-2025-05-07_01d71b7a-f789-4f42-b778-8c6b76a65589,2025-05-07,https://www.zbytb.com/s-zb-57341374.html,陕西,仅招标,招标,中煤第三建设(集团)有限责任公司三十工程处海则滩项目部废铁出售询价招标公告(一次),陕西 » 榆林市
BID-2025-05-07_3d95b5df-c48e-424f-af9c-2c265ab1c178,2025-05-07,https://www.zbytb.com/s-zb-57344574.html,陕西,仅招标,招标,陕西艺术职业学院2025年度中文纸质图书采购项目磋商公告,项目报价: 40万元
BID-2025-05-07_d13fc122-ea8e-4658-b431-7a6eea3e0b48,2025-05-07,https://www.zbytb.com/s-zb-57347983.html,陕西,仅招标,招标,松阳县固废资源循环利用项目陶粒生产系统与烟气净化系统(10烘干、焙烧、冷却系统设备采购项目)招标公告,陕西 » 西安市
BID-2025-05-07_4cc22b1c-bda0-44fc-8fe7-cd6e7743e1aa,2025-05-07,https://www.zbytb.com/s-zb-57344190.html,陕西,仅招标,招标,砖块、加气块、ALC板材材料采购公告,陕西 » 西安市
BID-2025-05-07_f232adc5-7041-4f8a-9e98-5d84a5dfc079,2025-05-07,https://www.zbytb.com/s-zb-57343906.html,陕西,仅招标,招标,中铁三局集团有限公司西安东站站房及相关工程项目钢板租赁竞争性谈判谈判公告,陕西 » 西安市
BID-2025-05-07_6e376dca-1d0b-44ab-8d58-36f3c425089d,2025-05-07,https://www.zbytb.com/s-zb-57342806.html,陕西,仅招标,招标,两办基地招待所厨房烟道清洗维护项目采购公告,资质: 工程造价咨询
BID-2025-05-07_6f7858e7-e8d5-4df3-b2d3-3ee33cc91aec,2025-05-07,https://www.zbytb.com/s-zb-57343529.html,陕西,仅招标,招标,雁鸣墅语一期车库提升工程竞争性磋商公告,资质: 房地产开发
BID-2025-05-07_b3674eeb-4384-4cea-a79d-47ad6480d9dd,2025-05-07,https://www.zbytb.com/s-zb-57343525.html,陕西,仅招标,招标,2025-2027年度经开市政维护生态地铺石采购招标公告,项目报价: 150万元
BID-2025-05-07_bf6b614b-0011-403c-88a9-dac348baf2a5,2025-05-07,https://www.zbytb.com/s-zb-57343670.html,陕西,仅招标,招标,精密抛磨装置项目公告,陕西 » 西安市
BID-2025-05-07_75173fa6-5791-4fa2-b20b-cdb913c4bf0f,2025-05-07,https://www.zbytb.com/s-zb-57342916.html,陕西,仅招标,招标,中国地质国土中心陕西秦岭北麓主体山水林田湖草沙一体化保护和修复工程市级项目蓝田县小寨镇岱峪河西沟生态环境综合治理工程等2个子工程项目EPC工程总承包—沣河流域华山松林分优化工程施工图设计询比采购公告,资质: 林业调查规划
BID-2025-05-07_c11ceb54-3fd2-42c0-8ad2-c3cb4cc2c670,2025-05-07,https://www.zbytb.com/s-zb-57342808.html,陕西,仅招标,招标,软件开发、数据管理人才培训采购公告,资质: 工程造价咨询
BID-2025-05-07_93c4d0f5-acc9-46f3-a113-6f35b36e9615,2025-05-07,https://www.zbytb.com/s-zb-57344866.html,陕西,仅招标,招标,G98海南环岛高速春江大桥及演丰中桥安全隐患整治项目钢材采购公告,项目报价: 4万元
BID-2025-05-07_3e22b859-85fa-465d-bb9a-e4b528bdda79,2025-05-07,https://www.zbytb.com/s-zb-57343674.html,陕西,仅招标,招标,延安新能源厂房内部区域进行环氧地坪漆处理项目公告,陕西 » 延安市
BID-2025-05-07_a0caa1a4-b515-4f24-87e4-202ccdd7ade3,2025-05-07,https://www.zbytb.com/s-zb-57343474.html,陕西,仅招标,招标,2025年度高新尾盘项目自持资产维修项目材料采购变更公告,陕西 » 西安市
BID-2025-05-07_986cdad8-885a-4f79-a45b-94f954845213,2025-05-07,https://www.zbytb.com/s-zb-57340720.html,陕西,仅招标,招标,中盐榆林盐化有限公司-中盐榆林化验用品2025.4.28-采购公告变更公告招标公告,陕西 » 榆林市
BID-2025-05-07_ccee317f-8438-4eee-9b0e-c56dc0fd10a2,2025-05-07,https://www.zbytb.com/s-zb-57343185.html,陕西,仅招标,招标,陕西统一2025年报废资产外卖招标公告,陕西 » 咸阳市
BID-2025-05-07_4c10b8a6-3213-436c-ac83-e9443c8800a7,2025-05-07,https://www.zbytb.com/s-zb-57340834.html,陕西,仅招标,招标,陕西化工研究院有限公司年度异噻唑啉酮框架联合采购招标公告,陕西 » 西安市
BID-2025-05-07_9d2a7f77-04fd-477a-9668-73035125b320,2025-05-07,https://www.zbytb.com/s-zb-57340828.html,陕西,仅招标,招标,半钢子午线轮胎生产线结构优化升级项目工程监理招标公告,陕西 » 西安市
BID-2025-05-07_006093f1-2c6f-44bc-83d1-ffedabcd8c40,2025-05-07,https://www.zbytb.com/s-zb-57339272.html,陕西,仅招标,招标,中联西北工程设计研究院有限公司潼关代字营200MW发电项目剩余备品备件采购招标公告,陕西 » 渭南市
BID-2025-05-07_714a7ff9-5192-4008-92b0-37a972cac179,2025-05-07,https://www.zbytb.com/s-zb-57342091.html,陕西,仅招标,招标,2025年海晏县分散式小口机井建设项目二次更正公告,陕西 » 延安市
BID-2025-05-07_381c30ef-f741-4bee-95fa-c4aba1f43a68,2025-05-07,https://www.zbytb.com/s-zb-57342386.html,陕西,仅招标,招标,上海市血液中心一次性配套采血袋使用的病毒灭活输血过滤器材的采购公告更正公告,陕西 » 延安市
BID-2025-05-07_86f83d58-711e-460c-b896-676a13d675a4,2025-05-07,https://www.zbytb.com/s-zb-57343282.html,陕西,仅招标,招标,彬长矿区深部开采井-地联合压裂治理技术及装备研究项目招标公告,资质: 岩土工程
BID-2025-05-07_449a5515-029a-4c04-9e57-58aefcaa4eac,2025-05-07,https://www.zbytb.com/s-zb-57337914.html,陕西,仅招标,招标,陕西渭河电厂挖潜供热项目监理资格预审公告,资质: 房屋建筑工程监理乙级
BID-2025-05-07_b4068b75-7b39-4844-a378-afeba8743bd4,2025-05-07,https://www.zbytb.com/s-zb-57337905.html,陕西,仅招标,招标,山阳县住房和城乡建设局山阳县高坝店镇垃圾填埋场封场项目招标公告,资质: 市政公用工程施工总承包三级
BID-2025-05-07_8de24f63-b454-44bb-b89f-f86589fe259e,2025-05-07,https://www.zbytb.com/s-zb-57342388.html,陕西,仅招标,招标,上海临床研究中心细胞培养箱一批的采购公告更正公告,陕西 » 延安市
BID-2025-05-07_4c68ce61-3389-4ab3-a149-55f7bc282cfe,2025-05-07,https://www.zbytb.com/s-zb-57342391.html,陕西,仅招标,招标,上海临床研究中心超纯水仪一批的采购公告更正公告,陕西 » 延安市
BID-2025-05-07_8efc3489-e641-4afa-82b1-257803559559,2025-05-07,https://www.zbytb.com/s-zb-57338849.html,陕西,仅招标,招标,中国邮政储蓄银行股份有限公司延安市分行监控中心值守外包采购项目招标公告,项目报价: 90万元
BID-2025-05-07_edc210cc-f8cf-4f71-a6c2-ae0c031728ad,2025-05-07,https://www.zbytb.com/s-zb-57340791.html,陕西,仅招标,招标,榆林能源郭家湾煤矿主运大巷缆线及51204、51205工作面高压液管标准化提升工程招标公告,资质: 矿山工程施工总承包一级
BID-2025-05-07_bf263134-2c88-423d-a596-690c03e5551f,2025-05-07,https://www.zbytb.com/s-zb-57340795.html,陕西,仅招标,招标,榆林化工废MTO催化剂、过氧化物危废处置招标公告,资质: 危险废物经营许可证
BID-2025-05-07_391e4c13-af99-443e-9780-d11dee0341b3,2025-05-07,https://www.zbytb.com/s-zb-57339582.html,陕西,仅招标,招标,陕西中烟工业有限责任公司澄城卷烟厂GD包装机组CT条盒推烟板改造项目招标公告,项目报价: 108万元
BID-2025-05-07_488d3696-ec4f-4ecc-a1c7-390affb15cc1,2025-05-07,https://www.zbytb.com/s-zb-57343626.html,陕西,仅招标,招标,铜川市耀州区350MW压缩空气储能电站项目全过程造价咨询采购公告,陕西 » 铜川市
BID-2025-05-07_bd33bc98-32ad-4c48-80cb-07fafe96f7cf,2025-05-07,https://www.zbytb.com/s-zb-57343475.html,陕西,仅招标,招标,西安市第五保育院保洁服务外包招标公告,陕西 » 西安市
BID-2025-05-07_5c9767fa-2d29-45e7-9efe-6a39c088a898,2025-05-07,https://www.zbytb.com/s-zb-57343499.html,陕西,仅招标,招标,观澜锦上苑等项目渠道服务入围项目招标公告,陕西 » 西安市
BID-2025-05-07_eca022d6-7c54-4f7e-af14-89de709f55cb,2025-05-07,https://www.zbytb.com/s-zb-57343478.html,陕西,仅招标,招标,西安市灞桥区柴马城中村改造DK-3项目地暖工程混凝土材料采购(二)变更公告,陕西 » 西安市
BID-2025-05-07_de804be6-6ac7-47e5-9a97-df9a843b9e13,2025-05-07,https://www.zbytb.com/s-zb-57343507.html,陕西,仅招标,招标,采购耕保无人机巡检监测系统项目招标公告,陕西 » 西安市
BID-2025-05-07_a99fc34f-a0ad-4a81-9083-77ff793fa7b7,2025-05-07,https://www.zbytb.com/s-zb-57350157.html,陕西,仅招标,招标,白桦林溿(一期)临时供电工程竞争性磋商公告,资质: 电力工程施工总承包三级
BID-2025-05-07_f950e291-88ac-47b4-9190-85ddc6f923da,2025-05-07,https://www.zbytb.com/s-zb-57356397.html,陕西,仅招标,招标,永安观棠项目架空层软装采购及安装招标公告,资质: 房地产开发
BID-2025-05-07_80f14826-842f-4c35-932a-a665691f80d9,2025-05-07,https://www.zbytb.com/s-zb-57343522.html,陕西,仅招标,招标,西安浐灞物业服务有限责任公司2025年5月-2026年2月商务中心三期日常保洁项目竞争谈判公告,陕西 » 西安市
BID-2025-05-07_c4c73bd1-da93-489f-91cb-1a2ccac7ab75,2025-05-07,https://www.zbytb.com/s-zb-57337911.html,陕西,仅招标,招标,陕西渭河电厂挖潜供热项目隔压站施工总承包资格预审公告,资质: 建筑工程施工总承包三级
BID-2025-05-07_42dc764e-b26e-4588-ab99-47f69fedc8f7,2025-05-07,https://www.zbytb.com/s-zb-57337912.html,陕西,仅招标,招标,陕西渭河电厂挖潜供热项目市政配套供热管网工程学府东路南延伸过北三环(御井路)监理资格预审公告,资质: 工程监理综合资质
BID-2025-05-07_72a4bc67-6795-4280-8a89-cbd7c8d0636e,2025-05-07,https://www.zbytb.com/s-zb-57337908.html,陕西,仅招标,招标,华清路微改造系统治理工程初步设计及施工图设计二次资格预审公告,资质: 工程设计综合资质甲级
BID-2025-05-07_ba74d5de-9449-4d66-ace7-ab6154cab7e7,2025-05-07,https://www.zbytb.com/s-zb-57342786.html,陕西,仅招标,招标,中煤七十三处榆林能源化工二期项目电缆采购变更通知招标公告,陕西 » 榆林市
BID-2025-05-07_880601a1-6672-4e03-b716-7ee5cb142390,2025-05-07,https://www.zbytb.com/s-zb-57339298.html,陕西,仅招标,招标,中国邮政储蓄银行股份有限公司渭南市分行机关食堂服务招标公告,陕西
BID-2025-05-07_994604c9-d520-47ac-aecf-1117319d1a9f,2025-05-07,https://www.zbytb.com/s-zb-57339597.html,陕西,仅招标,招标,陕西公司2025至2026年化学试剂长协采购变更公告,陕西 » 西安市
BID-2025-05-07_89b2a253-0333-454c-aa5d-81df8fbb076b,2025-05-07,https://www.zbytb.com/s-zb-57339103.html,陕西,仅招标,招标,西安航天总医院西安航天医院-麻醉科-机械助力输液架采购项目变更公告,陕西 » 西安市
BID-2025-05-07_4ebe9578-09ad-48b4-a2b0-a1795c1d2cf8,2025-05-07,https://www.zbytb.com/s-zb-57338381.html,陕西,仅招标,招标,长缨东路155号商铺整体租赁项目招标公告,项目报价: 119万元
BID-2025-05-07_72eb5436-845e-4172-9e34-3b1f271d371d,2025-05-07,https://www.zbytb.com/s-zb-57341282.html,陕西,仅招标,招标,消防改造工程二次采购公告,资质: 消防设施工程专业承包二级
BID-2025-05-07_0106fdaa-8a1f-41ba-8188-a324c37a3b01,2025-05-07,https://www.zbytb.com/s-zb-57341339.html,陕西,仅招标,招标,镇坪县曙坪镇大竹坪崩塌治理工程施工单位采购更正公告(第二次)招标公告,陕西 » 安康市
BID-2025-05-07_adc5a9cd-7a83-4c39-b7ef-486f78b1cb02,2025-05-07,https://www.zbytb.com/s-zb-57348902.html,陕西,仅招标,招标,西安建筑科技大学生化需氧量分析检测仪采购项目竞争性谈判公告,陕西 » 西安市
BID-2025-05-07_266f9bb7-ca7b-4961-aba5-fa1d9dd5586b,2025-05-07,https://www.zbytb.com/s-zb-57346308.html,陕西,仅招标,招标,陕西省救灾物资储备中心省级应急救灾物资采购1采购更正公告(第二次)招标公告,陕西 » 西安市
BID-2025-05-07_18cfd358-180e-43e6-b01f-e16fc5a9cde3,2025-05-07,https://www.zbytb.com/s-zb-57346216.html,陕西,仅招标,招标,西安西北石油管道有限公司车辆维修保养项目谈判公告,陕西 » 西安市
BID-2025-05-07_6c559ee0-62c6-4c07-a2e3-8b09e29f0dc7,2025-05-07,https://www.zbytb.com/s-zb-57346279.html,陕西,仅招标,招标,西安市雁塔区第十五幼儿园部室及洗手池改造项目二次竞争性磋商公告,资质: 建筑工程施工总承包三级
BID-2025-05-07_1cbbf615-7585-43b8-b55e-f7fe3aaae649,2025-05-07,https://www.zbytb.com/s-zb-57353545.html,陕西,仅招标,招标,陕西省生态环境执法总队陕西省2025年生态环境执法大练兵活动项目竞争性磋商公告,陕西 » 西安市
BID-2025-05-07_b993fa94-c067-4c58-bb3b-cb387b1da8da,2025-05-07,https://www.zbytb.com/s-zb-57353540.html,陕西,仅招标,招标,榆林市机关事务服务中心(原榆林市机关事务管理局)采购市委党校办公区物业及餐饮服务项目二次招标公告,陕西 » 榆林市
BID-2025-05-07_1049a9ff-770f-4752-8b98-eaf9dc84b0b4,2025-05-07,https://www.zbytb.com/s-zb-57353531.html,陕西,仅招标,招标,西安高新技术产业开发区应急管理局高新区城市防洪应急预案编制采购项目二次竞争性磋商公告,陕西 » 西安市
BID-2025-05-07_97721897-a862-4f9a-8e49-a9b3c8d01ec9,2025-05-07,https://www.zbytb.com/s-zb-57358001.html,陕西,仅招标,招标,中核陕铀心理测试实验室设备采购公告,陕西 » 汉中市
BID-2025-05-07_f5925d62-3111-466d-9041-7dc54481d3b9,2025-05-07,https://www.zbytb.com/s-zb-57338376.html,陕西,仅招标,招标,中国邮政储蓄银行股份有限公司渭南市分行机关食堂服务项目招标公告,项目报价: 131万元
BID-2025-05-07_ff17e368-5416-4fc8-8d55-68c5be0ed080,2025-05-07,https://www.zbytb.com/s-zb-57338368.html,陕西,仅招标,招标,上海铁路通信有限公司厂史馆装修工程谈判采购公告,资质: 建筑装修装饰工程专业承包二级
BID-2025-05-07_b5710aca-52af-46f7-b5e5-613ecdcdb40b,2025-05-07,https://www.zbytb.com/s-zb-57342807.html,陕西,仅招标,招标,中陕核工业集团有限公司2025年永续中票发行主承销商遴选招标公告,项目报价: 100000元
BID-2025-05-07_4819fd0d-adcf-47dd-a7d8-952a87e56300,2025-05-07,https://www.zbytb.com/s-zb-57346141.html,陕西,仅招标,招标,西安研究院电子围栏视频识别系统总成采购重新招标项目公告,陕西 » 西安市
BID-2025-05-07_9d29368b-d6c8-414f-b0dd-96a56f6b2d6b,2025-05-07,https://www.zbytb.com/s-zb-57348880.html,陕西,仅招标,招标,西安市信访局2025年度机关餐饮服务项目二次竞争性磋商公告,陕西 » 西安市
BID-2025-05-07_044b6baf-9d1c-447f-85f4-6b77fad520f9,2025-05-07,https://www.zbytb.com/s-zb-57348892.html,陕西,仅招标,招标,西安市雁塔区丈八街道办事处丈八街道办事处2025年城市道路保洁、城市绿化养护及城市公厕管理外包项目招标公告,陕西 » 西安市
BID-2025-05-07_69c437b1-eaa1-41b8-afed-ff31dd7dbdec,2025-05-07,https://www.zbytb.com/s-zb-57351836.html,陕西,仅招标,招标,中国石油甘肃销售公司2025年二季度便利店及线上非油商品供应商资格准入招标公告,资质: 食品经营许可证
BID-2025-05-07_1b7a750e-713c-4082-86c8-7b828ba6aaf2,2025-05-07,https://www.zbytb.com/s-zb-57353538.html,陕西,仅招标,招标,榆阳区青云镇人民政府青云镇东阳社区老年人日间照料中心建设项目竞争性磋商公告,资质: 建筑工程施工总承包三级
BID-2025-05-07_30b54005-2efc-4ea0-9e1e-74e9194473dd,2025-05-07,https://www.zbytb.com/s-zb-57353554.html,陕西,仅招标,招标,子洲县2025年旱作集成技术推广项目(深沟探墒播种机械及人工费)竞争性磋商公告,陕西 » 榆林市
BID-2025-05-07_66b8ba52-1c0d-475c-837d-0d0ae976d4af,2025-05-07,https://www.zbytb.com/s-zb-57353573.html,陕西,仅招标,招标,榆林市机关事务服务中心(原榆林市机关事务管理局)采购市水土保持生态工程建设中心、市审计局和市畜牧局办公区物业及餐饮服务项目招标公告,陕西 » 榆林市
BID-2025-05-07_0302dd98-e8dc-4ab1-9822-c933fdcee88f,2025-05-07,https://www.zbytb.com/s-zb-57353629.html,陕西,仅招标,招标,西安市人才服务中心2025年西安大学生求职技能提升专项活动采购更正公告(第一次)招标公告,陕西 » 西安市
BID-2025-05-07_bdb302f0-be0a-4482-9a1b-77407ca862fc,2025-05-07,https://www.zbytb.com/s-zb-57357572.html,陕西,仅招标,招标,中煤陕西能源化工集团有限公司智能化会议室建设项目公告,陕西 » 榆林市
BID-2025-05-07_1ce7dd5c-9ece-43d8-b14a-ae8371c8a2a6,2025-05-07,https://www.zbytb.com/s-zb-57356234.html,陕西,仅招标,招标,火灾报警控制器中央处理单元采购公告,陕西 » 西安市
BID-2025-05-07_e4911f49-baf3-4c27-9713-fd1d85c6e406,2025-05-07,https://www.zbytb.com/s-zb-57338379.html,陕西,仅招标,招标,研悦星睿小区项目广告策划推广服务招标公告,陕西 » 西安市
BID-2025-05-07_2ed8478e-4692-4ae8-a19c-b89f0373a986,2025-05-07,https://www.zbytb.com/s-zb-57338377.html,陕西,仅招标,招标,航天基地园区保障性租赁房运营咨询服务变更公告,陕西 » 西安市
BID-2025-05-07_c6c8b8c6-0090-4153-91db-89f4e2b0168e,2025-05-07,https://www.zbytb.com/s-zb-57341213.html,陕西,仅招标,招标,酒钢集团储运部2025年厂内粉状物料运输业务外包服务采购招标公告,陕西 » 西安市
BID-2025-05-07_3bb74d20-4af5-4d12-96f4-0022cf2d4b89,2025-05-07,https://www.zbytb.com/s-zb-57341322.html,陕西,仅招标,招标,平利县公安局西河派出所办案区改造和综合勤务指挥室建设项目竞争性磋商公告,资质: 建筑装修装饰工程专业承包二级
BID-2025-05-07_d7068dad-f359-47d0-9e25-9f34a1eecca7,2025-05-07,https://www.zbytb.com/s-zb-57342359.html,陕西,仅招标,招标,白水县2025年度大中型水库移民后期扶持项目招标公告,资质: 水利水电工程施工总承包三级
BID-2025-05-07_de3ac007-a6bb-4fb9-9a90-c56424e7b3d9,2025-05-07,https://www.zbytb.com/s-zb-57343266.html,陕西,仅招标,招标,八钢公司2025年生产、后勤协力项目(六标段)变更公告变更公告,项目报价: 442万元
BID-2025-05-07_6077b2c7-cbcf-4a46-9c19-f946b661915e,2025-05-07,https://www.zbytb.com/s-zb-57344502.html,陕西,仅招标,招标,长庆石油勘探局2025年榆林储气库作业区电力系统运行维护服务项目招标公告,资质: 承装（修、试）电力设施许可证
BID-2025-05-07_989f7ae3-10d2-4dae-b557-d54d6f550013,2025-05-07,https://www.zbytb.com/s-zb-57346289.html,陕西,仅招标,招标,西安市市场监督管理局高新区分局2025年食品安全监督抽检服务单位采购项目(航天辖区)二次竞争性磋商公告,资质: 检验检测机构
BID-2025-05-07_07d4da6b-e679-4913-a239-f508ef1f9acf,2025-05-07,https://www.zbytb.com/s-zb-57346304.html,陕西,仅招标,招标,陇县固关镇中心幼儿园综合楼改造提升项目更正公告变更公告,陕西 » 宝鸡市
BID-2025-05-07_7b31c99d-c4b2-43c3-869d-6e06d817017e,2025-05-07,https://www.zbytb.com/s-zb-57353148.html,陕西,仅招标,招标,西安研究院煤矿井下钻探业务类劳务外包服务.项目公告,资质: 人力资源服务许可证
BID-2025-05-07_bd29e814-8be0-4f8d-8653-319c9a94ce48,2025-05-07,https://www.zbytb.com/s-zb-57353136.html,陕西,仅招标,招标,西安区灯塔镇建国村、龙背村2025年美丽乡村建设“十百千万”工程项目招标公告,资质: 市政公用工程施工总承包二级
BID-2025-05-07_2811c8a5-4b2d-4ac3-a1a4-f66e33ca2706,2025-05-07,https://www.zbytb.com/s-zb-57353550.html,陕西,仅招标,招标,榆林市应急管理局关于机关办公楼及应急指挥中心消防问题整改的工程项目竞争性磋商公告,资质: 消防设施工程专业承包二级
BID-2025-05-07_f48b9f5b-5af9-42a1-844b-f20ce2186028,2025-05-07,https://www.zbytb.com/s-zb-57353591.html,陕西,仅招标,招标,汉滨区应急管理局森林防火巡护服务采购项目竞争性磋商公告,陕西 » 安康市
BID-2025-05-07_eb7c109a-5dc9-4b41-b27e-212490adfca5,2025-05-07,https://www.zbytb.com/s-zb-57346271.html,陕西,仅招标,招标,西安职业技术学院学生军事训练服装租赁项目竞争性磋商公告,陕西 » 西安市
BID-2025-05-07_da821de2-6add-4d3f-908d-fec922cbd8c1,2025-05-07,https://www.zbytb.com/s-zb-57351793.html,陕西,仅招标,招标,中冶钢构-宁陕飞地-服务分包-钢结构制作招标002招标公告,项目报价: 3119万元
BID-2025-05-07_99de94e7-6b00-40c3-93e3-db23dd916d9f,2025-05-07,https://www.zbytb.com/s-zb-57354892.html,陕西,仅招标,招标,横山县天云煤矿有限公司井下智能红绿灯控制系统项目及无轨胶轮车失速报警装置采购招标公告,项目报价: 240万元
BID-2025-05-07_62b086b3-1619-4073-b08b-f1d754468ef5,2025-05-07,https://www.zbytb.com/s-zb-57353569.html,陕西,仅招标,招标,2025年线下现场招聘会和线上直播带岗服务项目竞争性磋商公告,资质: 人力资源服务许可证
BID-2025-05-07_a079b4d9-febb-448c-ae69-751a0bc48816,2025-05-07,https://www.zbytb.com/s-zb-57353181.html,陕西,仅招标,招标,西安研究院水文A项目四阶段标段二钻孔勘探及技术服务项目公告,陕西 » 西安市
BID-2025-05-07_cd08e132-ae14-4e35-829e-247063eae2e2,2025-05-07,https://www.zbytb.com/s-zb-57345527.html,陕西,仅招标,招标,﻿陕西金源招贤矿业有限公司冲击危险性评价报告及防冲设计编制与修编项目招标公告,资质: CMA
BID-2025-05-07_2d306c28-2ba3-406c-be88-99bf86d15d8f,2025-05-07,https://www.zbytb.com/s-zb-57346351.html,陕西,仅招标,招标,陕西华电新能源直驱风电机组发电机安全性能检测招标公告,资质: 检验检测机构
BID-2025-05-07_352e3a55-bf1b-4ade-96c5-3625d122b61f,2025-05-07,https://www.zbytb.com/s-zb-57338380.html,陕西,仅招标,招标,2025-2026年度城市客厅已建成学校临时维修工程招标公告,资质: 建筑工程施工总承包三级
BID-2025-05-07_954035a0-f3b3-4e21-a3e4-062cb217aff2,2025-05-07,https://www.zbytb.com/s-zb-57338374.html,陕西,仅招标,招标,通号(西安)轨道交通工业集团有限公司北京分公司基于计轴的站间闭塞设备研制委托软件测试服务谈判采购公告,陕西 » 西安市
BID-2025-05-07_3e6c8f64-db9f-4293-a737-7646c71722e1,2025-05-07,https://www.zbytb.com/s-zb-57343738.html,陕西,仅招标,招标,中国二冶集团有限公司钢结构工程技术分公司蒙发铁合金二期工程钢结构制作工程一标段第一批次机械设备租赁招标公告,陕西 » 榆林市
BID-2025-05-07_5f7a0424-3129-4d31-bb8d-5d214067a590,2025-05-07,https://www.zbytb.com/s-zb-57344435.html,陕西,仅招标,招标,长庆石油勘探局2025年委托办理榆37储气库110kV变电站及10kV配电撬电气交接试验服务项目二次招标公告,陕西 » 榆林市
BID-2025-05-07_51c7827f-0782-4e2f-970a-8387d60a4d08,2025-05-07,https://www.zbytb.com/s-zb-57348882.html,陕西,仅招标,招标,西安市第五医院全自动凝血分析仪等设备一批项目招标公告,项目报价: 52万元
BID-2025-05-07_613de67a-7cb5-4b7e-a4e3-9eabf152574d,2025-05-07,https://www.zbytb.com/s-zb-57348888.html,陕西,仅招标,招标,陕西省商务厅机关第二十届中国西部国际博览会服务项目竞争性磋商公告,陕西 » 西安市
BID-2025-05-07_a40c5a67-9612-413c-8d8f-65151d6c22be,2025-05-07,https://www.zbytb.com/s-zb-57350276.html,陕西,仅招标,招标,陕西华电榆横煤电有限责任公司榆横发电厂灰场增容招标公告,资质: 建筑工程施工总承包三级
BID-2025-05-07_3af73deb-1f12-4033-999d-2fc4f93ce824,2025-05-07,https://www.zbytb.com/s-zb-57357194.html,陕西,仅招标,招标,长庆油田分公司第二采油厂2025年光伏井场数字化配套项目(岭北油区)招标公告,项目报价: 33万元
BID-2025-05-07_a3aa7525-52c4-4618-a0f8-1666c6cdf15b,2025-05-07,https://www.zbytb.com/s-zb-57358008.html,陕西,仅招标,招标,中国原子能2025-2027年度深冷箱(-120℃以下)框架协议采购公告,陕西 » 汉中市
BID-2025-05-07_be62ad6e-2820-4256-bb35-827d8a9acb34,2025-05-07,https://www.zbytb.com/s-zb-57348895.html,陕西,仅招标,招标,西安市人民医院(西安市第四医院)眼科激光检查设备采购项目招标公告,陕西 » 西安市
BID-2025-05-07_403d55a0-1ab5-46fc-bdc7-0668bb80396e,2025-05-07,https://www.zbytb.com/s-zb-57344605.html,陕西,仅招标,招标,长庆油田分公司陕北石油评价项目组2025年水土保持方案设计、水土保持监测及施工监理技术服务项目招标公告,资质: 水土保持监测
BID-2025-05-07_f683a6b4-8012-4638-8805-6f6f57e40885,2025-05-07,https://www.zbytb.com/s-zb-57350490.html,陕西,仅招标,招标,劳招建安XJ2025-2-051+金源檀府项目+无机纤维喷涂及防火板封堵工程招标公告,陕西 » 西安市
BID-2025-05-07_689a4311-80bf-4ebf-bf0e-14c2ce68f601,2025-05-07,https://www.zbytb.com/s-zb-57338370.html,陕西,仅招标,招标,西安铁路信号有限责任公司餐饮服务项目谈判采购公告,资质: 食品经营许可证
BID-2025-05-07_14988626-3858-47d6-ad85-fdada6cf9c32,2025-05-07,https://www.zbytb.com/s-zb-57341312.html,陕西,仅招标,招标,榆林市榆阳区住房和城乡建设局榆林市榆阳区榆阳河、芹河生态保护治理工程原材、主体工程检测服务招标公告,资质: 建设工程质量检测机构
BID-2025-05-07_283a87d6-5531-403b-bb06-84548f3db0bc,2025-05-07,https://www.zbytb.com/s-zb-57341319.html,陕西,仅招标,招标,平利县公安局西河派出所办公楼装修项目竞争性磋商公告,资质: 建筑装修装饰工程专业承包二级
BID-2025-05-07_22443334-0cd6-4463-b8fe-74d9a50ddf59,2025-05-07,https://www.zbytb.com/s-zb-57347254.html,陕西,仅招标,招标,榆林市靖边县2025年新增省道养护工程设计招标公告,项目报价: 11488元
BID-2025-05-07_4b540110-59fe-4d5d-b9d4-c249e70caaeb,2025-05-07,https://www.zbytb.com/s-zb-57347262.html,陕西,仅招标,招标,山阳县户家塬镇西沟村2025年水毁河堤修复以工代赈项目招标公告,资质: 水利水电工程施工总承包三级
BID-2025-05-07_1ba67d92-02b0-4273-8e87-ea655c930c6f,2025-05-07,https://www.zbytb.com/s-zb-57346273.html,陕西,仅招标,招标,陕西省图书馆(陕西省古籍保护中心)2026年度中文邮发期刊采购招标公告,陕西 » 西安市
BID-2025-05-07_ddf11600-fa26-4f75-b4ec-01d9b2cba33e,2025-05-07,https://www.zbytb.com/s-zb-57346283.html,陕西,仅招标,招标,岚皋县耕地现状和后备资源调查评价项目招标公告,资质: 土地规划乙级
BID-2025-05-07_789a980a-1cd5-4950-8095-831d0ead6e6b,2025-05-07,https://www.zbytb.com/s-zb-57354894.html,陕西,仅招标,招标,镇安县2024年第二批农村公路养护工程施工招标公告,项目报价: 1129万元
BID-2025-05-07_864526c6-6ffa-46b3-b0c6-209f8669f5c1,2025-05-07,https://www.zbytb.com/s-zb-57355184.html,陕西,仅招标,招标,陕西省西咸新区秦汉新城教育卫体局无食堂营养改善计划(早餐配送)采购项目招标公告,资质: 食品经营许可证
BID-2025-05-07_dcd96f40-6414-400a-a020-008502404902,2025-05-07,https://www.zbytb.com/s-zb-57353579.html,陕西,仅招标,招标,西安国家粮食交易中心第七届中国粮食交易大会陕西展团展台设计搭建及服务项目竞争性磋商公告,陕西 » 西安市
BID-2025-05-07_4381ecb5-6183-443f-8b7e-d97cf86c7c6a,2025-05-07,https://www.zbytb.com/s-zb-57353584.html,陕西,仅招标,招标,渭南职业技术学院屋面防水维修项目竞争性磋商公告,资质: 建筑工程施工总承包三级
BID-2025-05-06_c29df2e1-2f0c-4a46-bd76-ca629c02fc4f,2025-05-06,https://www.zbytb.com/s-zb-57331960.html,陕西,仅招标,招标,中铁七局集团西安铁路工程有限公司天津市北辰区青光2号综合能源站项目经理部电线电缆、镀锌钢板风管、水箱水泵采购竞争性谈判谈判公告,资质: CMA
BID-2025-05-06_6d29b824-318a-46a9-be6c-e789fbeadbf9,2025-05-06,https://www.zbytb.com/s-zb-57327964.html,陕西,仅招标,招标,西安研究院柠条塔煤矿南翼采空区地下水环境治理与恢复工程治理效果评价技术服务协作项目询价采购公告,陕西 » 西安市
BID-2025-05-06_f9bb8dc9-ab40-4776-a671-4e3868c1987d,2025-05-06,https://www.zbytb.com/s-zb-57337243.html,陕西,仅招标,招标,中煤陕西榆林能源化工有限公司选煤厂块原煤旁路直破系统改造工程EPC总承包项目干雾抑尘系统询价通知公告,陕西 » 榆林市
BID-2025-05-06_06823852-c997-48f4-8e42-4a0ec8aeb473,2025-05-06,https://www.zbytb.com/s-zb-57337253.html,陕西,仅招标,招标,油料采购重新招标项目公告,陕西 » 西安市
BID-2025-05-06_ae4cb452-6323-4c93-b12f-52f6db1830ad,2025-05-06,https://www.zbytb.com/s-zb-57329315.html,陕西,仅招标,招标,2025年咸阳分公司员工体检、员工职业健康体检招标公告,项目报价: 156万元
BID-2025-05-06_03de8010-2471-446c-b7d5-aa48351b6712,2025-05-06,https://www.zbytb.com/s-zb-57337035.html,陕西,仅招标,招标,8吋干法去胶设备采购项目国际(1)招标公告,陕西 » 西安市
BID-2025-05-06_4b5d787e-3846-4b76-a15c-1a0cbb4a5a88,2025-05-06,https://www.zbytb.com/s-zb-57333732.html,陕西,仅招标,招标,铜川市水资源基础调查招标公告,资质: 测绘
BID-2025-05-06_2e09c025-dff3-46d3-94e3-cf2bddaf4ae3,2025-05-06,https://www.zbytb.com/s-zb-57330150.html,陕西,仅招标,招标,西安市公安局雁塔分局院落保洁服务项目竞争性磋商公告,陕西 » 西安市
BID-2025-05-06_af0903ec-d24f-4e81-9d01-c9b3f70a185a,2025-05-06,https://www.zbytb.com/s-zb-57330252.html,陕西,仅招标,招标,西安高新技术产业开发区城市管理和综合执法局西安高新区公园广场养护服务项目招标公告,陕西 » 西安市
BID-2025-05-06_fb60a777-4075-4105-97ed-ab0e874da649,2025-05-06,https://www.zbytb.com/s-zb-57335690.html,陕西,仅招标,招标,西北工业大学透射电镜双倾旋转样品杆招标公告,项目报价: 108万元
BID-2025-05-06_e7163f19-ad11-41b0-86e5-c3da674147d7,2025-05-06,https://www.zbytb.com/s-zb-57320879.html,陕西,仅招标,招标,中节能环境启源装备伺服驱动、电机、电缆，模块，开关类电器元件采购公告,陕西 » 西安市
BID-2025-05-06_240ef83f-6381-4e8b-8a1b-da206c71cdc0,2025-05-06,https://www.zbytb.com/s-zb-57336001.html,陕西,仅招标,招标,8吋介质刻蚀设备采购项目国际(1)招标公告,陕西 » 西安市
BID-2025-05-06_b9928d51-5632-4af5-817e-4277611f55cf,2025-05-06,https://www.zbytb.com/s-zb-57322470.html,陕西,仅招标,招标,长庆油田分公司第一采气厂2025年支干线阀室、清管站生产监控安全隐患治理项目招标公告,项目报价: 30万元
BID-2025-05-06_907a0228-d34b-4e87-a78c-a39981807b7a,2025-05-06,https://www.zbytb.com/s-zb-57333155.html,陕西,仅招标,招标,横山县天云煤矿有限公司装载机采购公告,项目报价: 132万元
BID-2025-05-06_54e43609-ce02-4cb2-80d0-5e952cfc5d4e,2025-05-06,https://www.zbytb.com/s-zb-57333164.html,陕西,仅招标,招标,横山县天云煤矿有限公司井口综合楼家具采购公告,项目报价: 85万元
BID-2025-05-06_d48f1e63-a687-4992-801e-7557680adc26,2025-05-06,https://www.zbytb.com/s-zb-57333746.html,陕西,仅招标,招标,陕西省环境科学研究院陕西省化工园区地下水环境风险预警及溯源项目招标公告,陕西 » 西安市
BID-2025-05-06_4c4039cc-5b72-4d43-a46b-b6ea6995081c,2025-05-06,https://www.zbytb.com/s-zb-57335670.html,陕西,仅招标,招标,黄陵县农业农村局2025年全域公路沿线绿化美化花草种子采购更正公告(第一次)招标公告,陕西 » 延安市
BID-2025-05-06_74c813c8-0d1e-4081-9e71-94d4c1caa040,2025-05-06,https://www.zbytb.com/s-zb-57326798.html,陕西,仅招标,招标,长庆油田分公司第一采油厂2025年老油田改造项目水土保持咨询服务二次招标公告,资质: 水土保持方案编制
BID-2025-05-06_96cb3001-66fd-4cb1-9108-8e0570601c54,2025-05-06,https://www.zbytb.com/s-zb-57326732.html,陕西,仅招标,招标,数字DR射线检测机招标公告,陕西 » 西安市
BID-2025-05-06_9e8c20da-2f83-4083-88d8-e6c1c0c78df7,2025-05-06,https://www.zbytb.com/s-zb-57334407.html,陕西,仅招标,招标,中型客车采购重新招标项目公告,项目报价: 57万元
BID-2025-05-06_ef55dba4-8b9f-41fc-8498-5fb5ec4fefcb,2025-05-06,https://www.zbytb.com/s-zb-57336191.html,陕西,仅招标,招标,消防喷淋保养维修_89幢高层住宅消防维保当年的招标公告,项目报价: 148万元
BID-2025-05-06_6d11dee5-453d-41df-a80a-57cabacfb6ef,2025-05-06,https://www.zbytb.com/s-zb-57336195.html,陕西,仅招标,招标,消防喷淋保养维修-原卢湾老旧小区的招标公告,项目报价: 150万元
BID-2025-05-06_68ea7485-9aaa-4a5a-8464-94a5dd8c57d1,2025-05-06,https://www.zbytb.com/s-zb-57334391.html,陕西,仅招标,招标,某生产线条件建设工程项目EPC总承包-变更公告,项目报价: 2757万元
BID-2025-05-06_010d88c3-24ef-4a28-b3b9-480a51622325,2025-05-06,https://www.zbytb.com/s-zb-57333986.html,陕西,仅招标,招标,新疆师范大学读秀知识库和百链云服务平台采购招标公告,陕西 » 西安市
BID-2025-05-06_17199cd6-9c40-4f76-92ca-686a9bf821d3,2025-05-06,https://www.zbytb.com/s-zb-57336945.html,陕西,仅招标,招标,陕西陕煤澄合矿业有限公司西卓煤矿设备安全性能检测直接采购征求意见公示,陕西
BID-2025-05-06_c32e82e0-dd3c-438e-a545-a2999bfbb956,2025-05-06,https://www.zbytb.com/s-zb-57335489.html,陕西,仅招标,招标,中国安能一局安澜科技公司汇算清缴服务(重)招标公告,项目报价: 3万元
BID-2025-05-06_c51f61ce-c71a-4beb-badd-9a9c80cb8ac9,2025-05-06,https://www.zbytb.com/s-zb-57336376.html,陕西,仅招标,招标,南部副立井多绳摩擦式提升机采购招标公告,陕西 » 榆林市
BID-2025-05-06_635b96c4-33c8-4876-a835-dfaa111bf7c2,2025-05-06,https://www.zbytb.com/s-zb-57333712.html,陕西,仅招标,招标,陕西延长石油物资集团有限责任公司关于榆林能化15万吨年釜式法EVA装置项目中压阀门采购项目国际招标澄清或变更公告(1)招标公告,陕西 » 榆林市
BID-2025-05-06_0106d488-8621-4d78-91ea-5596e1075e4e,2025-05-06,https://www.zbytb.com/s-zb-57333487.html,陕西,仅招标,招标,磞磷量测设备国际(1)招标公告,陕西 » 西安市
BID-2025-05-06_280bf0bb-f1cf-47a6-80ff-9a5dc550c258,2025-05-06,https://www.zbytb.com/s-zb-57333488.html,陕西,仅招标,招标,自动光学检测设备国际(1)招标公告,陕西 » 西安市
BID-2025-05-06_81562509-48d4-4197-9359-fce1add39054,2025-05-06,https://www.zbytb.com/s-zb-57333489.html,陕西,仅招标,招标,陕西延长石油物资集团有限责任公司关于榆林能化15万吨年釜式法EVA装置项目中压阀门采购项目国际(1)招标公告,陕西 » 榆林市
BID-2025-05-06_530a9adb-6f10-45b2-9c48-4f5e52d1509b,2025-05-06,https://www.zbytb.com/s-zb-57333303.html,陕西,仅招标,招标,铜川分行押运服务外包项目招标公告,项目报价: 254万元
BID-2025-05-06_34852c7d-22d7-41eb-abe4-be116616cc1f,2025-05-06,https://www.zbytb.com/s-zb-57333490.html,陕西,仅招标,招标,聚焦离子束显微镜国际(1)招标公告,陕西 » 西安市
BID-2025-05-06_61819041-1572-41d5-8c8d-e5ad42c27b7d,2025-05-06,https://www.zbytb.com/s-zb-57333304.html,陕西,仅招标,招标,铜川分行保安服务外包项目招标公告,陕西 » 铜川市
BID-2025-05-06_21af42be-ea35-4b92-a682-9ef238db06e5,2025-05-06,https://www.zbytb.com/s-zb-57333152.html,陕西,仅招标,招标,横山县天云煤矿有限公司润滑油采购公告,项目报价: 65万元
BID-2025-05-06_3cab60c5-0d51-4574-8159-5d7d6a4cee15,2025-05-06,https://www.zbytb.com/s-zb-57333153.html,陕西,仅招标,招标,横山县天云煤矿有限公司41102工作面4-1煤层油页岩顶板支护设计优化项目公告,资质: 工程设计综合资质
BID-2025-05-06_96964027-a66b-4a88-9acf-9ed7b31b3e04,2025-05-06,https://www.zbytb.com/s-zb-57333158.html,陕西,仅招标,招标,横山县天云煤矿有限公司综合办公楼分体式空调、驱动机房工业空调采购及安装项目公告,项目报价: 90万元
BID-2025-05-06_00857b5c-0865-4070-91ae-b71c6ffbef2e,2025-05-06,https://www.zbytb.com/s-zb-57357193.html,陕西,仅招标,招标,西安交通大学仪器科学与技术学院本科教学实验室建设-现代应用光学实验设备竞争性磋商公告,项目报价: 126万元
BID-2025-05-06_92e86456-26a7-4340-969b-2514c1e60e31,2025-05-06,https://www.zbytb.com/s-zb-57334441.html,陕西,仅招标,招标,横山县天云煤矿有限公司综合办公楼分体式空调、驱动机房工业空调采购及安装项目公告悦达能源招标公告,项目报价: 90万元
BID-2025-05-06_e41b2aa5-1d7d-4033-a5c9-6080421afa76,2025-05-06,https://www.zbytb.com/s-zb-57334442.html,陕西,仅招标,招标,横山县天云煤矿有限公司41102工作面4-1煤层油页岩顶板支护设计优化招标公告,资质: 工程设计综合资质
BID-2025-05-06_4a335ac2-6e2a-4113-a614-2e237729b4ad,2025-05-06,https://www.zbytb.com/s-zb-57334444.html,陕西,仅招标,招标,横山县天云煤矿有限公司井口综合楼家具采购公告悦达能源招标公告,项目报价: 85万元
BID-2025-05-06_23085608-2355-494e-bc49-1199c8d700e8,2025-05-06,https://www.zbytb.com/s-zb-57333971.html,陕西,仅招标,招标,繁峙县壁画雕塑专题展工程的更正公告,陕西 » 西安市
BID-2025-05-06_7bc9455a-2ac7-44fe-81bb-e750b4e0eeb5,2025-05-06,https://www.zbytb.com/s-zb-57334446.html,陕西,仅招标,招标,横山县天云煤矿有限公司润滑油采购公告悦达能源招标公告,项目报价: 65万元
BID-2025-05-06_e1c7c671-be6a-474b-a105-63adbe91cd78,2025-05-06,https://www.zbytb.com/s-zb-57335590.html,陕西,仅招标,招标,中国地质调查局西安矿产资源调查中心职工食堂餐饮劳务社会化保障项目招标公告,项目报价: 125万元
BID-2025-05-06_ce69baad-8b89-475e-93ee-203c2a042057,2025-05-06,https://www.zbytb.com/s-zb-57334450.html,陕西,仅招标,招标,横山县天云煤矿有限公司装载机采购公告悦达能源招标公告,项目报价: 132万元
BID-2025-05-06_f764bb1f-b3e3-4396-b0dd-c038bf320ea5,2025-05-06,https://www.zbytb.com/s-zb-57332937.html,陕西,仅招标,招标,陕西银河煤业开发有限公司千米定向钻机采购项目招标公告,陕西 » 榆林市
BID-2025-05-06_50699e23-98d1-4126-8c1d-9e2e9a3e6b97,2025-05-06,https://www.zbytb.com/s-zb-57332938.html,陕西,仅招标,招标,西安环球印务股份有限公司2025-2027年度常年法律顾问服务项目及2025年度保兑追偿案件专项法律服务项目招标公告,陕西 » 西安市
BID-2025-05-06_5901686d-07b7-4672-9ee5-48b70fd58b03,2025-05-06,https://www.zbytb.com/s-zb-57334224.html,陕西,仅招标,招标,上海交通大学医学院附属瑞金医院透视摄影X射线机采购项目国际招标公告,陕西 » 延安市
BID-2025-05-06_9b55ddb6-c511-44df-a369-50a6d3e612d3,2025-05-06,https://www.zbytb.com/s-zb-57333065.html,陕西,仅招标,招标,上海交通大学医学院附属瑞金医院透视摄影X射线机采购项目国际(1)招标公告,陕西 » 延安市
BID-2025-05-06_a732ee6b-50f9-4e5c-966c-de06c28af62b,2025-05-06,https://www.zbytb.com/s-zb-57332939.html,陕西,仅招标,招标,苏陕电气电子航空科技园项目监理招标公告,资质: 特种设备制造
BID-2025-05-06_6f265f66-a93f-4570-bae8-0ded1a0af556,2025-05-06,https://www.zbytb.com/s-zb-57333066.html,陕西,仅招标,招标,陕西电子芯业时代科技有限公司8英寸高性能特色工艺半导体芯片生产线项目8吋快速热处理设备采购项目国际(1)招标公告,陕西 » 西安市
BID-2025-05-06_5f5f936c-ea80-4940-bcce-7878088d5c55,2025-05-06,https://www.zbytb.com/s-zb-57330424.html,陕西,仅招标,招标,陕西有色榆林新材料集团有限责任公司2025年2月煤业公司信息化备件采购招标公告,陕西 » 榆林市
BID-2025-05-06_21896d80-a0aa-4a19-935b-1219f1acdf93,2025-05-06,https://www.zbytb.com/s-zb-57332983.html,陕西,仅招标,招标,延安东高速公路项目K33+400至K35+510范围内边坡整治及场区外排水高接远送工程施工劳务分包采购公告,陕西 » 延安市
BID-2025-05-06_83b0377b-d994-4258-b83a-988a812b769a,2025-05-06,https://www.zbytb.com/s-zb-57331553.html,陕西,仅招标,招标,第八届进博会城市形象片项目的竞争性磋商公告,项目报价: 150万元
BID-2025-05-06_a72de8f2-30ff-47b8-9d49-62040fa153af,2025-05-06,https://www.zbytb.com/s-zb-57331547.html,陕西,仅招标,招标,第八届进博会会展期媒体大巴服务保障项目的竞争性磋商公告,项目报价: 125万元
BID-2025-05-06_1467eadf-700c-46c9-a531-08e822762c48,2025-05-06,https://www.zbytb.com/s-zb-57333537.html,陕西,仅招标,招标,润滑油(脂)集中仓储与配送项目智能计量加油群组设备采购项目招标公告,陕西 » 榆林市
BID-2025-05-06_2760f34f-4b59-496a-916f-236423b316d3,2025-05-06,https://www.zbytb.com/s-zb-57333544.html,陕西,仅招标,招标,陕西延长石油集团橡胶有限公司水处理药剂供应商准入项目招标公告,陕西 » 咸阳市
BID-2025-05-06_bba9cf4b-835a-43be-995f-b96ba184405e,2025-05-06,https://www.zbytb.com/s-zb-57332829.html,陕西,仅招标,招标,横山县天云煤矿有限公司物业服务及餐厅服务项目招标公告,项目报价: 991万元
BID-2025-05-06_5c42d3a2-6675-465a-91ac-3aefd189ee7d,2025-05-06,https://www.zbytb.com/s-zb-57327835.html,陕西,仅招标,招标,安陆市中垦三农安置区建设项目(EPC)项目建筑装修装饰工程专业分包投标邀请书,资质: 建筑装修装饰工程专业承包二级
BID-2025-05-06_ec2705a9-9653-4e55-82b3-55fcaf687e03,2025-05-06,https://www.zbytb.com/s-zb-57328906.html,陕西,仅招标,招标,中国石油天然气股份有限公司陕西咸阳销售分公司2025年咸阳分公司员工体检、员工职业健康体检项目招标公告,项目报价: 156万元
BID-2025-05-06_bd4935ea-b286-4897-8afd-0b04088075ed,2025-05-06,https://www.zbytb.com/s-zb-57329625.html,陕西,仅招标,招标,陕西化工研究院有限公司高分子材料制造车间建设工程招标公告,资质: 石油化工工程施工总承包三级
BID-2025-05-06_20b45a3b-b8a3-4716-a21b-301497beea85,2025-05-06,https://www.zbytb.com/s-zb-57328883.html,陕西,仅招标,招标,西延高铁(红线内)公网覆盖施工服务通信专业工程劳务分包招标公告,项目报价: 2346万元
BID-2025-05-06_3681ff85-7c68-4acb-86eb-16bda8b8a0a1,2025-05-06,https://www.zbytb.com/s-zb-57328713.html,陕西,仅招标,招标,长庆油田苏里格南作业分公司2025年产能建设油气生产物联网工程招标公告,资质: 电子与智能化工程专业承包二级
BID-2025-05-06_c225c50c-3e39-42c2-aff9-2d1074146dea,2025-05-06,https://www.zbytb.com/s-zb-57334666.html,陕西,仅招标,招标,华润置地(西安)商业物业管理有限公司华润置地中西部大区西咸万象城改造室内施工图及BIM设计采购变更公告,陕西 » 西安市
BID-2025-05-06_c8f43c42-fd2c-4c11-bd03-028e3bc97bfe,2025-05-06,https://www.zbytb.com/s-zb-57314373.html,陕西,仅招标,招标,陕西有色榆林新材料集团有限责任公司食堂低值易耗品采购项目招标公告,陕西 » 榆林市
BID-2025-05-06_5137c47c-a3ee-4b09-b5f6-dbc240bb1c22,2025-05-06,https://www.zbytb.com/s-zb-57326796.html,陕西,仅招标,招标,长庆油田分公司第一采油厂2025年老油田改造项目水土保持监理咨询服务招标公告,资质: 水土保持方案编制
BID-2025-05-06_38fdf174-3835-4aef-b859-ae1502ea03c0,2025-05-06,https://www.zbytb.com/s-zb-57337287.html,陕西,仅招标,招标,西安工业大学16#学生公寓全过程技术服务项目竞争性磋商公告,陕西 » 西安市
BID-2025-05-06_a851de83-f975-4e0d-94b6-8bcadba8c9d3,2025-05-06,https://www.zbytb.com/s-zb-57337306.html,陕西,仅招标,招标,渭南高新区锦华大道西段自来水支管道改迁工程竞争性磋商公告,陕西 » 渭南市
BID-2025-05-06_16b62530-cf04-4f73-a274-0e1e14c1f179,2025-05-06,https://www.zbytb.com/s-zb-57323891.html,陕西,仅招标,招标,钱营孜煤矿2×15KW局扇维修采购公告(安徽恒源煤电股份有限公司钱营孜煤矿)招标公告,陕西 » 西安市
BID-2025-05-06_3bffd80c-7f42-462b-83c5-c97f4989b3b4,2025-05-06,https://www.zbytb.com/s-zb-57327111.html,陕西,仅招标,招标,陕西延长石油物资集团上海有限公司关于榆林煤化换热器采购项目谈判采购公告,陕西 » 榆林市
BID-2025-05-06_a1fd6656-6f55-4437-a6c8-e8b89bda34b9,2025-05-06,https://www.zbytb.com/s-zb-57337317.html,陕西,仅招标,招标,陕西航天时代导航设备有限公司园区基础设施改造项目变更公告,陕西
BID-2025-05-06_03bd9201-ec15-443b-bb07-f8c6d6a92643,2025-05-06,https://www.zbytb.com/s-zb-57331330.html,陕西,仅招标,招标,西藏民族大学科学研究资源与环境学科专业实验室一标段虚拟仿真软件招标公告,项目报价: 99万元
BID-2025-05-06_d70366da-9450-49f7-8727-5ad8a5cabc5d,2025-05-06,https://www.zbytb.com/s-zb-57332883.html,陕西,仅招标,招标,横山县天云煤矿有限公司物业服务及餐厅服务项目公告悦达能源招标公告,项目报价: 991万元
BID-2025-05-06_3efbb35f-e967-4a96-9efa-9b2e3389b652,2025-05-06,https://www.zbytb.com/s-zb-57328104.html,陕西,仅招标,招标,中节能(沣西)生态环保有限公司2025年第10批粗油脂销售采购公告,陕西
BID-2025-05-06_34424b3e-8c4c-45a5-b58c-6d4c41614c0d,2025-05-06,https://www.zbytb.com/s-zb-57337339.html,陕西,仅招标,招标,铜川市耀州区石柱镇修文村党群服务中心建设项目竞争性磋商公告,陕西 » 铜川市
BID-2025-05-06_0b83969a-8623-4a28-ad60-a1670fe69aa0,2025-05-06,https://www.zbytb.com/s-zb-57328073.html,陕西,仅招标,招标,中节能(沣西)生态环保有限公司2025年第3批地沟油销售采购公告,陕西
BID-2025-05-06_4d687fb5-c477-44d1-b34d-16c84610f54a,2025-05-06,https://www.zbytb.com/s-zb-57315013.html,陕西,仅招标,招标,谈判采购三二〇一医院核医学科通风管道改造采购公告,项目报价: 13万元
BID-2025-05-06_1d1fd270-def1-4773-aad8-ec368e96f172,2025-05-06,https://www.zbytb.com/s-zb-57337358.html,陕西,仅招标,招标,中能建西北电力试验研究院有限公司2025年度集中采购(第1批次)招标公告,陕西 » 西安市
BID-2025-05-06_d26d3fc1-48c1-4629-9c9b-ddb12dc18a96,2025-05-06,https://www.zbytb.com/s-zb-57332680.html,陕西,仅招标,招标,陕西红柠铁路有限责任公司红柠线通信漏泄电缆及天馈线整修招标公告,资质: 铁路电务工程专业承包三级
BID-2025-05-06_7fda04be-6c2b-4f7f-b983-fa5229675508,2025-05-06,https://www.zbytb.com/s-zb-57329639.html,陕西,仅招标,招标,陕西延长石油集团橡胶有限公司全半钢生产区域生产辅助工序业务外包项目招标公告,陕西 » 咸阳市
BID-2025-05-06_98943384-15fb-4691-8fdb-e01abdfc102f,2025-05-06,https://www.zbytb.com/s-zb-57327867.html,陕西,仅招标,招标,谈判采购咸阳彩虹医院旧住院部改造网络设备采购公告,陕西 » 咸阳市
BID-2025-05-06_a0fd8efa-c19e-4a51-a7df-aa8785700ee2,2025-05-06,https://www.zbytb.com/s-zb-57313632.html,陕西,仅招标,招标,西安经发物业股份有限公司工业园电能源托管服务项目招标公告,陕西 » 西安市
BID-2025-05-06_25fc1db0-e86b-413f-8f31-2ba1e9368259,2025-05-06,https://www.zbytb.com/s-zb-57315632.html,陕西,仅招标,招标,试飞安全问题知识数据库数字化平台研制项目公告,陕西 » 西安市
BID-2025-05-06_6348afdf-2aab-4dd3-bbe8-39313f5af1a8,2025-05-06,https://www.zbytb.com/s-zb-57327526.html,陕西,仅招标,招标,西安兴蓉环保科技有限公司2025年-2028年(3年)空调维护保养服务询价采购公告,项目报价: 5万元
BID-2025-05-06_e84bc7d5-30c0-47bc-bfb8-fc06bf53a66c,2025-05-06,https://www.zbytb.com/s-zb-57323364.html,陕西,仅招标,招标,陕西沙河抽水蓄能电站上库涉及±800kV青豫线祁韶线路迁改工程线路材料监造服务(第二次)采购项目招标公告,陕西 » 汉中市
BID-2025-05-06_8f4f1644-ec36-4b36-a782-635200288dce,2025-05-06,https://www.zbytb.com/s-zb-57323179.html,陕西,仅招标,招标,陇县城关镇及千河城区段水毁堤防修复工程采购公告,资质: 水利水电工程施工总承包三级
BID-2025-05-06_7005f58d-e419-4011-8890-d50d4654af15,2025-05-06,https://www.zbytb.com/s-zb-57318988.html,陕西,仅招标,招标,长庆油田分公司第一采气厂2025年空气呼吸器检定及维修项目招标公告,资质: 检验检测机构
BID-2025-05-06_f2c7f2c3-f424-448f-a3b4-48d0b5267748,2025-05-06,https://www.zbytb.com/s-zb-57329053.html,陕西,仅招标,招标,西安交通大学统一授权和认证平台竞争性磋商公告,项目报价: 150万元
BID-2025-05-06_b2e8e939-25af-4746-911d-d9c2913d9891,2025-05-06,https://www.zbytb.com/s-zb-57331619.html,陕西,仅招标,招标,上海市普陀区人民法院食堂外包项目的招标公告,项目报价: 138万元
BID-2025-05-06_0004f8c7-805b-40e7-859a-0ecc8744b9ed,2025-05-06,https://www.zbytb.com/s-zb-57332246.html,陕西,仅招标,招标,榆林现场配套建筑物施工工程JJ2025040045-采购公告,陕西 » 榆林市
BID-2025-05-06_b4b23d37-19b2-4354-8aab-80fd9608d0a1,2025-05-06,https://www.zbytb.com/s-zb-57332253.html,陕西,仅招标,招标,榆林现场围挡监控及配套设施施工工程JJ2025040046-采购公告,陕西 » 榆林市
BID-2025-05-06_97600b29-a1ef-4b63-a16f-75238d3b5602,2025-05-06,https://www.zbytb.com/s-zb-57322416.html,陕西,仅招标,招标,中油测井WZ-202504-00157智能测井采集系统和智能注采同测测控系统配件年度采购二次招标公告,项目报价: 384万元
BID-2025-05-06_d02a08a2-f596-4086-ba25-b7646e950cae,2025-05-06,https://www.zbytb.com/s-zb-57331101.html,陕西,仅招标,招标,襄汾县纵十路、横十七街、纵十九路道路建设工程监理合同公告,陕西 » 西安市
BID-2025-05-06_76c0846b-7998-46b5-a544-484b349fe8bc,2025-05-06,https://www.zbytb.com/s-zb-57327244.html,陕西,仅招标,招标,中国电建西北院内蒙古东苏特高压外送新能源三期基地32万千瓦风储项目风机安装Ⅱ标段服务标竞争性谈判终止公告,陕西 » 西安市
BID-2025-05-06_fc77a076-1c16-4392-af1f-c6d6b2f51690,2025-05-06,https://www.zbytb.com/s-zb-57327264.html,陕西,仅招标,招标,中国电建西北院内蒙古东苏特高压外送新能源三期基地32万千瓦风储项目吊车租赁Ⅱ标段服务标竞争性谈判终止公告,陕西 » 西安市
BID-2025-05-06_be1ce65d-5b7e-412e-8c5a-470ccc04968b,2025-05-06,https://www.zbytb.com/s-zb-57329152.html,陕西,仅招标,招标,国家无线电监测中心陕西监测站物业管理服务采购招标公告,项目报价: 104万元
BID-2025-05-06_c0a6b555-4b30-46f1-862e-80b5f45ae666,2025-05-06,https://www.zbytb.com/s-zb-57325699.html,陕西,仅招标,招标,中国陕西省西安市之奥园誉府项目三期总承包工程招标公告,陕西 » 西安市
BID-2025-05-06_b0951e8a-87a9-4568-954d-a154757292ce,2025-05-06,https://www.zbytb.com/s-zb-57310930.html,陕西,仅招标,招标,陕西永明煤矿切顶自成巷顶板碎胀机制及岩层控制技术研究谈判采购项目谈判采购公告,项目报价: 30万元
BID-2025-05-06_e04efe92-6368-41fd-b0de-49328b8f8a71,2025-05-06,https://www.zbytb.com/s-zb-57330097.html,陕西,仅招标,招标,中铁二十一局集团电务电化工程有限公司天津地铁8号线一期工程机电安装3标项目部竞谈采购招标公告,项目报价: 1000万元
BID-2025-05-06_85fb4eea-fde3-4090-b748-37b9b8a5c6c4,2025-05-06,https://www.zbytb.com/s-zb-57326731.html,陕西,仅招标,招标,三维扫描仪招标公告,陕西 » 西安市
BID-2025-05-06_2f51a4d5-48f4-4c14-8945-c3a2650b98ec,2025-05-06,https://www.zbytb.com/s-zb-57326735.html,陕西,仅招标,招标,电子束物理气相沉积设备新购与改造招标公告,陕西 » 西安市
BID-2025-05-06_c9039845-4db9-47b8-a11c-c441399ce055,2025-05-06,https://www.zbytb.com/s-zb-57331737.html,陕西,仅招标,招标,泗阳县王集镇2025年农村公路提档升级工程直武路北段改建项目的最高限价公示招标公告,项目报价: 12万元
BID-2025-05-06_5717b5c5-96f8-412d-9eae-3578c2af37e7,2025-05-06,https://www.zbytb.com/s-zb-57324341.html,陕西,仅招标,招标,华东医院柴油发电机采购安装项目的招标公告,项目报价: 268万元
BID-2025-05-06_f5952cd5-aec1-4008-95b8-bb084c41ce78,2025-05-06,https://www.zbytb.com/s-zb-57326808.html,陕西,仅招标,招标,西安机场-消防急救保障部-医用药品供应采购公告,陕西 » 西安市
BID-2025-05-06_ae323bed-3c62-4a11-aa2c-ef3f5ff4db95,2025-05-06,https://www.zbytb.com/s-zb-57332314.html,陕西,仅招标,招标,富区一重-西安(金电中部筒节及法兰)QT2025050008-采购公告,陕西 » 西安市
BID-2025-05-06_f59c0132-025e-453a-b45a-8bfb7cc8deec,2025-05-06,https://www.zbytb.com/s-zb-57326810.html,陕西,仅招标,招标,西安机场-飞行区管理部-飞机荷载桥结构安全监测系统建设项目(设计)采购公告,陕西 » 西安市
BID-2025-05-06_47dda4c1-22ac-4d60-a053-b8298b9c6120,2025-05-06,https://www.zbytb.com/s-zb-57324822.html,陕西,仅招标,招标,志丹采油厂新办及复审特种设备操作、特种作业人员证件采购公告,陕西 » 西安市
BID-2025-05-06_ecd5c8d6-e7f7-487b-895f-1a5404ee57a4,2025-05-06,https://www.zbytb.com/s-zb-57324599.html,陕西,仅招标,招标,中国航发动力股份有限公司电子束物理气相沉积设备新购与改造项目公告,陕西 » 西安市
BID-2025-05-06_452802ce-4590-44d3-9cb5-a0881e0310f3,2025-05-06,https://www.zbytb.com/s-zb-57316574.html,陕西,仅招标,招标,中铁二十一局集团有限公司2025年第五期第二次物资集中竞谈采购资格预审公告,陕西 » 宝鸡市
BID-2025-05-06_38d38094-463c-4608-937a-86224fb77e68,2025-05-06,https://www.zbytb.com/s-zb-57337497.html,陕西,仅招标,招标,西安市第五医院工会委员会职工生日蛋糕卡项目三次竞争性磋商公告,陕西 » 西安市
BID-2025-05-06_5e27b10b-a011-44de-b12a-b89a3d25b527,2025-05-06,https://www.zbytb.com/s-zb-57326812.html,陕西,仅招标,招标,汉中机场飞行区围界加装刺网及应急大门改造项目采购公告,陕西 » 汉中市
BID-2025-05-06_3749674b-feed-41ec-bd56-efe5c6e15f77,2025-05-06,https://www.zbytb.com/s-zb-57324034.html,陕西,仅招标,招标,西北科创中心项目住宅东地块施工总承包工程(一标段)项目栏杆扶手及钢楼梯工程施工专业分包竞争性采购公告,资质: 房地产开发
BID-2025-05-06_9e4d0172-81a1-45f0-af75-784ff47a9d8d,2025-05-06,https://www.zbytb.com/s-zb-57324602.html,陕西,仅招标,招标,中国航发动力股份有限公司数字DR射线检测机项目招标公告,陕西 » 西安市
BID-2025-05-06_591827ca-07cf-4272-93ad-82c0e1f1c39f,2025-05-06,https://www.zbytb.com/s-zb-57323136.html,陕西,仅招标,招标,西安市·西安市本级曲江新区2025年新增企业免费刻章服务招标公告,陕西 » 西安市
BID-2025-05-06_9569b85a-2065-4da9-af38-d637ab3f2344,2025-05-06,https://www.zbytb.com/s-zb-57323132.html,陕西,仅招标,招标,西安市·临潼区陕西省西安市临潼区玉米单产提升项目招标公告,资质: 水利水电工程施工总承包三级
BID-2025-05-06_6f3c5840-5734-4e78-be11-573abb7f281b,2025-05-06,https://www.zbytb.com/s-zb-57323161.html,陕西,仅招标,招标,陕西省考古研究院后勤保障职工餐厅餐饮服务竞争性磋商公告,资质: 食品经营许可证
BID-2025-05-06_2e36d64d-5a7e-480c-bc78-62089d0246c0,2025-05-06,https://www.zbytb.com/s-zb-57309143.html,陕西,仅招标,招标,西安浐灞国际港新筑路(港兴三路—港兴四路)等三条市政道路道路和配套管线设计资格预审公告,资质: 工程设计综合资质甲级
BID-2025-05-06_caa130d7-1907-4523-b3ff-239e009846a1,2025-05-06,https://www.zbytb.com/s-zb-57311520.html,陕西,仅招标,招标,中煤第三建设(集团)有限责任公司三十工程处曹家滩项目部五金辅材询价招标公告(一次),陕西 » 榆林市
BID-2025-05-06_4e37ac29-fd74-4da7-bff0-cda3e1d78d57,2025-05-06,https://www.zbytb.com/s-zb-57325706.html,陕西,仅招标,招标,陕西省第十八届运动会代理公司市场开发项目招标公告,陕西 » 西安市
BID-2025-05-06_2e33f6b3-44ee-48aa-bb57-bdcb3bede138,2025-05-06,https://www.zbytb.com/s-zb-57336707.html,陕西,仅招标,招标,陕西永明煤矿切顶自成巷顶板碎胀机制及岩层控制技术研究谈判采购项目变更公告,陕西
BID-2025-05-06_84c6804b-3e8f-474b-8179-031df002948e,2025-05-06,https://www.zbytb.com/s-zb-57325434.html,陕西,仅招标,招标,集团智慧园西电光电缆同心式钢带装铠机采购项目延期公告,陕西 » 西安市
BID-2025-05-06_f10437b9-6ec0-47c6-b7bb-e7939c7c48e2,2025-05-06,https://www.zbytb.com/s-zb-57332682.html,陕西,仅招标,招标,陕钢集团汉中钢铁有限责任公司轧钢在线自动探伤机采购第2次招标招标公告,陕西 » 汉中市
BID-2025-05-06_2696c3c2-5075-4294-8908-9bd1cb12cb87,2025-05-06,https://www.zbytb.com/s-zb-57314689.html,陕西,仅招标,招标,陕西延长石油富县电厂二期四辅静态交流不停电电源系统设备招标公告,陕西 » 延安市
BID-2025-05-06_9593c329-7453-4335-a402-df81d698dd4d,2025-05-06,https://www.zbytb.com/s-zb-57322570.html,陕西,仅招标,招标,陕西延长石油集团橡胶有限公司PCR钢丝压延、纤维压延自动测厚控制系统国产化改造项目招标公告,陕西 » 咸阳市
BID-2025-05-06_b7edb60d-0941-40af-804c-e496465e0ca6,2025-05-06,https://www.zbytb.com/s-zb-57314135.html,陕西,仅招标,招标,宝鸡钛业股份有限公司热轧机工作辊采购项目招标公告,陕西 » 宝鸡市
BID-2025-05-06_2d9064f0-0fe9-46d5-861d-8bfcf58a4f66,2025-05-06,https://www.zbytb.com/s-zb-57321295.html,陕西,仅招标,招标,陕西延长石油富县电厂二期四辅低加疏水泵招标公告,陕西 » 延安市
BID-2025-05-06_21761b89-3f71-4215-988e-844385500e95,2025-05-06,https://www.zbytb.com/s-zb-57321289.html,陕西,仅招标,招标,陕西延长石油富县电厂二期四辅发变组/停机变保护B招标公告,陕西 » 延安市
BID-2025-05-06_ff3d2efb-d865-4344-821b-c27b634144ed,2025-05-06,https://www.zbytb.com/s-zb-57321282.html,陕西,仅招标,招标,陕西延长石油富县电厂二期四辅直流系统招标公告,陕西 » 延安市
BID-2025-05-06_6d32f0f5-be65-4dd6-89bc-9011d2100263,2025-05-06,https://www.zbytb.com/s-zb-57321275.html,陕西,仅招标,招标,陕西延长石油富县电厂二期四辅真空泵招标公告,陕西 » 延安市
BID-2025-05-06_10257ac8-b8c2-43f4-8b3b-ac40a18a0a36,2025-05-06,https://www.zbytb.com/s-zb-57321270.html,陕西,仅招标,招标,陕西延长石油富县电厂二期四辅活化给煤机招标公告,陕西 » 延安市
BID-2025-05-06_086a48c9-2587-4f42-a10a-4cdffa5f3ee5,2025-05-06,https://www.zbytb.com/s-zb-57321265.html,陕西,仅招标,招标,陕西延长石油富县电厂二期四辅10kV(进口)变频器招标公告,陕西 » 延安市
BID-2025-05-06_3fa1c579-6dc4-4967-bf5d-a6b3b392bd12,2025-05-06,https://www.zbytb.com/s-zb-57321251.html,陕西,仅招标,招标,陕西延长石油富县电厂二期四辅微雾抑尘装置招标公告,陕西 » 延安市
BID-2025-05-06_d77b460c-56e1-4d73-bf4d-4642375f782a,2025-05-06,https://www.zbytb.com/s-zb-57337620.html,陕西,仅招标,招标,陕西省林业局消防系统改造项目竞争性磋商公告,陕西
BID-2025-05-06_c6a81b58-727e-4211-a9f6-e3c2e992f247,2025-05-06,https://www.zbytb.com/s-zb-57332684.html,陕西,仅招标,招标,陕钢集团汉中钢铁有限责任公司火车翻车机年修第2次招标招标公告,资质: 机电工程施工总承包三级
BID-2025-05-06_51743beb-80b8-4432-a3a6-9b53410b5724,2025-05-06,https://www.zbytb.com/s-zb-57313639.html,陕西,仅招标,招标,陕西赛福燃气科技有限公司干电池采购二次招标公告,项目报价: 76万元
BID-2025-05-06_0106b670-a254-4505-892c-f3752146f79c,2025-05-06,https://www.zbytb.com/s-zb-57322537.html,陕西,仅招标,招标,神东电力国能佳县5万千瓦风电EPC总承包工程招标公告,资质: 工程设计电力行业甲级
BID-2025-05-06_f18c6f46-6136-4b6f-941a-26e17c38cecb,2025-05-06,https://www.zbytb.com/s-zb-57319567.html,陕西,仅招标,招标,西安研究院巨厚松散层下薄基岩煤层开采溃水溃砂数值模拟项目招标公告,陕西 » 西安市
BID-2025-05-06_e988aa9d-522a-43ad-94d4-4d773677e539,2025-05-06,https://www.zbytb.com/s-zb-57319625.html,陕西,仅招标,招标,安康某高新技术开发区规划环境影响环境监测技术咨询服务(二次)采购公告,陕西 » 安康市
BID-2025-05-06_f2400a83-43be-4a36-b916-a191c7559348,2025-05-06,https://www.zbytb.com/s-zb-57309290.html,陕西,仅招标,招标,咸阳高新区两寺渡村城中村改造项目三标段监理招标公告,资质: 房屋建筑工程监理甲级
BID-2025-05-06_1bc78e0a-9bc2-40ba-94f6-bc4b157621b7,2025-05-06,https://www.zbytb.com/s-zb-57332686.html,陕西,仅招标,招标,灾害防控全过程信息安全保障技术研究项目第2次招标招标公告,陕西 » 咸阳市
BID-2025-05-06_b7d8474e-da70-4a70-8058-4999f70c1406,2025-05-06,https://www.zbytb.com/s-zb-57314715.html,陕西,仅招标,招标,陕西延长石油富县电厂二期四辅汽机箱罐类设备(辅汽联箱、闭式水箱及压缩空气罐+储油箱+生水加热器)招标公告,陕西 » 延安市
BID-2025-05-06_550e9d1f-788a-4911-a1d8-9d828ff2e21c,2025-05-06,https://www.zbytb.com/s-zb-57321785.html,陕西,仅招标,招标,中电建(西安)港航船舶科技有限公司批量钢材采购竞争性谈判(磋商)采购公告,项目报价: 500万元
BID-2025-05-06_fb7cef22-fdee-4531-8df3-e87100f85363,2025-05-06,https://www.zbytb.com/s-zb-57317383.html,陕西,仅招标,招标,陕西沙河抽水蓄能电站上库涉及±800kV青豫线祁韶线路迁改工程线路材料监造服务(第二次)采购公告,陕西 » 汉中市
BID-2025-05-06_245a62ca-4cb2-4c2d-b5b2-e1036c7648a6,2025-05-06,https://www.zbytb.com/s-zb-57317198.html,陕西,仅招标,招标,中铁十二局西康高铁四电工程项目(电线电缆、加气混凝土砌块、砖)自购物资集中采购招标电线电缆、加气混凝土砌块、砖招标公告,资质: CMA
BID-2025-05-06_a2be7047-b01c-4f66-ae22-ca55fd914d57,2025-05-06,https://www.zbytb.com/s-zb-57312213.html,陕西,仅招标,招标,定边县污水处理厂更新改造设计招标公告,资质: 工程设计市政行业
BID-2025-05-06_8af5560a-e43f-49dd-886d-1549fafe5bbf,2025-05-06,https://www.zbytb.com/s-zb-57324369.html,陕西,仅招标,招标,上海科技馆二号楼报告厅会务系统更新改造项目的招标公告,项目报价: 185万元
BID-2025-05-06_915a8d5e-c89b-496e-b62c-3b133792b452,2025-05-06,https://www.zbytb.com/s-zb-57315809.html,陕西,仅招标,招标,面向任务的能力分布协同试验评估系统-重新招标公告,陕西 » 西安市
BID-2025-05-06_636f5142-7c3b-40f9-a720-2529042e50e1,2025-05-06,https://www.zbytb.com/s-zb-57322496.html,陕西,仅招标,招标,航空物流公司监控设施设备维修维保服务采购公告,陕西 » 咸阳市
BID-2025-05-06_fa9f6b11-ef5a-443b-aed0-d87295bc22be,2025-05-06,https://www.zbytb.com/s-zb-57329172.html,陕西,仅招标,招标,西安交通大学医学院第一附属医院数字减影机维保服务项目竞争性磋商公告,项目报价: 93万元
BID-2025-05-06_767cdf5c-6c4f-480b-a252-47e88eff2922,2025-05-06,https://www.zbytb.com/s-zb-57316658.html,陕西,仅招标,招标,陕西有色榆林新材料集团有限责任公司2024年12月铝业槽罐车招标采购二次招标公告,资质: 工程造价咨询
BID-2025-05-06_3d4c6662-dd2c-45b5-8ef4-835892c7670d,2025-05-06,https://www.zbytb.com/s-zb-57310790.html,陕西,仅招标,招标,中国电力建设铁附件原材料采购项目谈判公告,陕西 » 西安市
BID-2025-05-06_6184bf13-7628-40c5-9976-6f15357c9c85,2025-05-06,https://www.zbytb.com/s-zb-57335685.html,陕西,仅招标,招标,西北工业大学海天苑三号楼留学生公寓家具招标公告,项目报价: 295万元
BID-2025-05-06_cd3b8fe2-c4ed-40b2-81db-6a781f650985,2025-05-06,https://www.zbytb.com/s-zb-57337695.html,陕西,仅招标,招标,中国飞机强度研究所西安总部食堂、阎良分所食堂食材采购配送项目更正公告,陕西 » 西安市
BID-2025-05-06_37e9b2bc-f49b-4cd6-93ca-c9b37785f10a,2025-05-06,https://www.zbytb.com/s-zb-57323728.html,陕西,仅招标,招标,陕西南梁矿业有限公司压风机配件采购项目变更通知招标公告,陕西
BID-2025-05-06_9e90527d-a9a5-482b-bb37-1d1897608c44,2025-05-06,https://www.zbytb.com/s-zb-57337699.html,陕西,仅招标,招标,榆林高新实验学校(高新四中)项目用地红线内电力线路改迁竞争性磋商公告,陕西 » 榆林市
BID-2025-05-06_19cba89b-12b2-4276-8486-909e3a417ca1,2025-05-06,https://www.zbytb.com/s-zb-57337700.html,陕西,仅招标,招标,汉中市南郑区牟家坝镇基本农田提升灌溉渠道衬砌工程招标公告,陕西 » 汉中市
BID-2025-05-06_5278c5a6-451a-4331-868e-a02188b545ce,2025-05-06,https://www.zbytb.com/s-zb-57337702.html,陕西,仅招标,招标,西安市救助管理站工作人员服装项目竞争性磋商公告,陕西 » 西安市
BID-2025-05-06_c9edf380-19d1-410b-a503-9dc17e4469af,2025-05-06,https://www.zbytb.com/s-zb-57337703.html,陕西,仅招标,招标,陕西省水工环地质调查中心关于关中地区土壤地球化学特征及应用研究项目中耕地土壤产能提升研究专题竞争性磋商公告,陕西
BID-2025-05-06_b74cd603-64cb-4fff-92e2-c44742c39427,2025-05-06,https://www.zbytb.com/s-zb-57317336.html,陕西,仅招标,招标,上海市闵行区中心医院2025年CAD/CAM全瓷修复体设计加工系统国际招标公告,陕西 » 延安市
BID-2025-05-06_6b1b602f-bd7b-4249-abe6-5f88fb73784c,2025-05-06,https://www.zbytb.com/s-zb-57321732.html,陕西,仅招标,招标,榆林化工2025年2月PGA项目齿轮泵常规采购招标项目(第2次)招标公告,陕西 » 榆林市
BID-2025-05-06_dc6f897f-9b1c-465c-ac74-3490bca908f7,2025-05-06,https://www.zbytb.com/s-zb-57313591.html,陕西,仅招标,招标,中国邮政储蓄银行股份有限公司陕西省分行联网监控中心值守业务外包服务项目招标公告,项目报价: 141万元
BID-2025-05-06_dfd87c5a-b20b-42d1-9940-92d19baf44d6,2025-05-06,https://www.zbytb.com/s-zb-57320696.html,陕西,仅招标,招标,汉中机场飞行区排水渠镀锌钢网覆盖采购公告,陕西 » 汉中市
BID-2025-05-06_8e33ad1c-6a58-4cec-9564-9f4571cb9775,2025-05-06,https://www.zbytb.com/s-zb-57314717.html,陕西,仅招标,招标,陕西延长石油富县电厂二期四辅全厂给水泵(清水)招标公告,陕西 » 延安市
BID-2025-05-06_f4915417-df09-41da-910b-55e6d90e91fd,2025-05-06,https://www.zbytb.com/s-zb-57314719.html,陕西,仅招标,招标,陕西延长石油富县电厂二期四辅净化站系统招标公告,陕西 » 延安市
BID-2025-05-06_2e292b3e-bcea-4d2f-8b75-35cab1de512c,2025-05-06,https://www.zbytb.com/s-zb-57320140.html,陕西,仅招标,招标,麟游县电力基础设施提升项目招标公告,资质: 电力工程施工总承包三级
BID-2025-05-06_56dd6093-a37f-410a-9d30-f83ef780a338,2025-05-06,https://www.zbytb.com/s-zb-57315646.html,陕西,仅招标,招标,陕西银河榆林发电有限公司#1机组A修原煤仓耐磨衬板维修采购公告,资质: 电力工程施工总承包二级
BID-2025-05-06_75514fec-3c5a-44f5-b84c-36c290388356,2025-05-06,https://www.zbytb.com/s-zb-57315811.html,陕西,仅招标,招标,榆能杨伙盘煤电公司分布式光伏火灾报警系统采购公告,陕西 » 榆林市
BID-2025-05-06_3a2b68e3-dc86-48f5-9611-e698318c310b,2025-05-06,https://www.zbytb.com/s-zb-57325712.html,陕西,仅招标,招标,上林锦苑项目机械车位安装工程招标公告,项目报价: 380万元
BID-2025-05-06_3beb141e-5722-4dcf-b846-1c1b80d58ba3,2025-05-06,https://www.zbytb.com/s-zb-57314691.html,陕西,仅招标,招标,陕西延长石油富县电厂二期四辅入炉煤、入厂煤采样装置招标公告,陕西 » 延安市
BID-2025-05-06_d01eeef0-b4f3-444f-a422-dec42521472e,2025-05-06,https://www.zbytb.com/s-zb-57314713.html,陕西,仅招标,招标,陕西延长石油富县电厂二期四辅进口闸阀招标公告,陕西 » 延安市
BID-2025-05-06_9eb9129f-300a-4767-8c2e-c5d551ee5134,2025-05-06,https://www.zbytb.com/s-zb-57313622.html,陕西,仅招标,招标,西航生活区旧区改造DK-7换热站(国产)招标公告,资质: 建筑机电安装工程专业承包三级
BID-2025-05-06_d42a2132-bd15-48e2-a830-79a9ebee6122,2025-05-06,https://www.zbytb.com/s-zb-57323981.html,陕西,仅招标,招标,灵宝市火石崖水库水土保持工程监理服务项目竞争性磋商公告,资质: 水利工程施工监理乙级
BID-2025-05-06_cffc43e1-9cc9-4324-ad26-fcafa2d3dd6e,2025-05-06,https://www.zbytb.com/s-zb-57338458.html,陕西,仅招标,招标,金隅智汇(陕西)供应链有限责任公司挖掘机租赁招标公告,项目报价: 1万元
BID-2025-05-06_215378f9-3b2e-4900-95f2-af6a149f65df,2025-05-06,https://www.zbytb.com/s-zb-57321528.html,陕西,仅招标,招标,三维扫描仪项目公告,陕西 » 西安市
BID-2025-05-06_0b4dc2c5-b67e-4465-8263-952fa1bd3c8c,2025-05-06,https://www.zbytb.com/s-zb-57317372.html,陕西,仅招标,招标,陕西沙河抽水蓄能电站上库涉及±800kV青豫线祁韶线路迁改工程复合绝缘子(第二次)采购公告,项目报价: 4万元
BID-2025-05-06_db5f564a-119a-45ce-bf82-9ac8b72b8d47,2025-05-06,https://www.zbytb.com/s-zb-57317390.html,陕西,仅招标,招标,陕西延长石油富县电厂二期四辅四大管道工厂化招标公告,陕西 » 延安市
BID-2025-05-06_d0137f43-2526-4204-88cb-b67818356e59,2025-05-06,https://www.zbytb.com/s-zb-57321784.html,陕西,仅招标,招标,批量铝材采购竞争性谈判公告,项目报价: 30万元
BID-2025-05-06_3a4f935d-ce0d-4569-bcd5-5df2d6d5fb12,2025-05-06,https://www.zbytb.com/s-zb-57317376.html,陕西,仅招标,招标,陕西沙河抽水蓄能电站上库涉及±800kV青豫线祁韶线路迁改工程图像及覆冰检测系统(第二次)采购公告,项目报价: 2万元
BID-2025-05-06_f5823d06-ae32-4708-b44c-971f2a6f55a6,2025-05-06,https://www.zbytb.com/s-zb-57318372.html,陕西,仅招标,招标,陕西沙河抽水蓄能电站上库涉及±800kV青豫线祁韶线路迁改工程防坠落装置(第二次)采购公告,陕西 » 汉中市
BID-2025-05-06_218cebed-a0b0-42a8-889e-06b25dd27800,2025-05-06,https://www.zbytb.com/s-zb-57314718.html,陕西,仅招标,招标,陕西延长石油富县电厂二期四辅进口蝶阀招标公告,陕西 » 延安市
BID-2025-05-06_2f877c2f-e35c-4ab1-9541-d45bc1d05f95,2025-05-06,https://www.zbytb.com/s-zb-57314835.html,陕西,仅招标,招标,陕西亿华矿业开发有限公司海则滩煤矿地面管网管路采购项目招标公告,陕西
BID-2025-05-06_987f4ce0-2d27-4c0d-99d6-8cb8360104f1,2025-05-06,https://www.zbytb.com/s-zb-57314735.html,陕西,仅招标,招标,陕西亿华矿业开发有限公司海则滩煤矿地面管网电力电缆及通信电缆采购项目招标公告,陕西
BID-2025-05-06_e10fe8b8-9b9e-4402-aef0-de099a389bf1,2025-05-06,https://www.zbytb.com/s-zb-57324424.html,陕西,仅招标,招标,上海芭蕾舞团灯光设备及配件的招标公告,项目报价: 100万元
BID-2025-05-06_16319813-29b5-47da-ba61-b9aa510a389f,2025-05-06,https://www.zbytb.com/s-zb-57314141.html,陕西,仅招标,招标,陕西亿华矿业开发有限公司海则滩煤矿聚氯乙烯板材风门及电控设备采购项目招标公告,陕西
BID-2025-05-06_ab667093-d419-4504-8971-2856fb7d985d,2025-05-06,https://www.zbytb.com/s-zb-57316661.html,陕西,仅招标,招标,陕西有色榆林新材料集团有限责任公司2025年2月煤业公司电缆及本安接线盒计划(二次))招标公告,资质: 工程造价咨询
BID-2025-05-06_f0b898e9-9842-49a1-aca8-316bca24b82c,2025-05-06,https://www.zbytb.com/s-zb-57318373.html,陕西,仅招标,招标,陕西沙河抽水蓄能电站上库涉及±800kV青豫线祁韶线路迁改工程导地线、光缆、光缆金具(第二次)采购公告,项目报价: 18万元
BID-2025-05-06_8b0e7671-5333-4211-bf75-e2b897221f9a,2025-05-06,https://www.zbytb.com/s-zb-57315820.html,陕西,仅招标,招标,陕西亭南煤业通风安全检测仪表检验谈判采购项目谈判采购招标公告,陕西
BID-2025-05-06_78fe76ee-c856-43fe-b619-8c3c92b5bd2d,2025-05-06,https://www.zbytb.com/s-zb-57315004.html,陕西,仅招标,招标,谈判采购三二〇一医院微生物免疫科装饰装修设计服务采购公告,项目报价: 12万元
BID-2025-05-06_3e4d29fb-a716-4f43-a2e4-70ba12ca5026,2025-05-06,https://www.zbytb.com/s-zb-57315812.html,陕西,仅招标,招标,榆能杨伙盘煤电公司分布式光伏图像监视系统采购公告,陕西 » 榆林市
BID-2025-05-06_c9cd6647-d7c4-4ddc-b8ad-833cef1e0159,2025-05-06,https://www.zbytb.com/s-zb-57348432.html,陕西,仅招标,招标,复杂光学表面形貌非接触式测量仪(非接触非球面轮廓仪)采购项目招标公告,项目报价: 695万元
BID-2025-05-06_3e1178f1-ea01-4f68-9349-06ac395ec9c7,2025-05-06,https://www.zbytb.com/s-zb-57324044.html,陕西,仅招标,招标,智能工业视频内窥镜竞争性谈判公告,项目报价: 96万元
BID-2025-05-06_ce298486-ed09-42f9-a240-864263ac8e07,2025-05-06,https://www.zbytb.com/s-zb-57320132.html,陕西,仅招标,招标,西安经发物业股份有限公司白桦林间电梯维护保养服务项目招标公告,陕西 » 西安市
BID-2025-05-06_eb0e7684-c714-48b7-8fdc-aada06915a35,2025-05-06,https://www.zbytb.com/s-zb-57348781.html,陕西,仅招标,招标,铜川新能源产业园基础设施建设项目二次配采购及安装资格预审公告,陕西 » 铜川市
BID-2025-05-06_3784351a-b673-4c0f-b639-21ce5cec44e7,2025-05-06,https://www.zbytb.com/s-zb-57329153.html,陕西,仅招标,招标,复旦大学附属肿瘤医院浦东院区被服制作服务更正公告,陕西 » 延安市
BID-2025-05-06_38a111d0-edff-4225-be09-b788b19aae50,2025-05-06,https://www.zbytb.com/s-zb-57318257.html,陕西,仅招标,招标,毕机沟矿区1100万t/a铁矿采选工程项目浓密机采购招标公告,陕西 » 西安市
BID-2025-05-06_be32c868-177b-47c5-a403-e74e3b14a06f,2025-05-06,https://www.zbytb.com/s-zb-57320515.html,陕西,仅招标,招标,陕西南梁矿业有限公司井下信号灯配件采购项目变更通知招标公告,陕西
BID-2025-05-06_b630180e-ac84-46b7-9e5d-f94d9259bc6c,2025-05-06,https://www.zbytb.com/s-zb-57349609.html,陕西,仅招标,招标,陕西工业职业技术学院2025年教职工福利采购项目竞争性磋商公告,陕西
BID-2025-05-06_4360900c-c62e-4b70-b5f3-7b0950d93581,2025-05-06,https://www.zbytb.com/s-zb-57317380.html,陕西,仅招标,招标,陕西沙河抽水蓄能电站上库涉及±800kV青豫线祁韶线路迁改工程玻璃绝缘子(第二次)采购公告,项目报价: 5万元
BID-2025-05-06_c0f0c178-e37f-45e9-bb84-aef6b7da76cf,2025-05-06,https://www.zbytb.com/s-zb-57315551.html,陕西,仅招标,招标,面向任务的能力分布协同试验评估系统重新招标项目公告,陕西 » 西安市
BID-2025-05-06_d875d3e9-d373-4fec-9830-992954251603,2025-05-06,https://www.zbytb.com/s-zb-57316921.html,陕西,仅招标,招标,人居环境整治项目合同公告,陕西 » 西安市
BID-2025-05-06_681278c1-4ac1-4b50-ac3e-a0c9e2327d0a,2025-05-06,https://www.zbytb.com/s-zb-57316967.html,陕西,仅招标,招标,贵州医科大学心理学综合实验系统采购项目竞争性磋商公告,陕西 » 安康市
BID-2025-05-06_05e8d90d-3a2c-4317-8dce-4cb056189db4,2025-05-06,https://www.zbytb.com/s-zb-57315897.html,陕西,仅招标,招标,中铁一局集团铁路建设有限公司咸阳市二厂路下穿陇海铁路隧道工程项目北侧小广场土方及附属工程招标公告,资质: 公路路面工程专业承包
BID-2025-05-06_7d7090dd-b181-4d7e-96a3-9d7586238387,2025-05-06,https://www.zbytb.com/s-zb-57315982.html,陕西,仅招标,招标,陕西省天然气股份有限公司延安分公司发动机控制系统升级项目招标公告,陕西 » 延安市
BID-2025-05-06_117709d7-e63e-4d82-988d-abced22b3b97,2025-05-06,https://www.zbytb.com/s-zb-57317269.html,陕西,仅招标,招标,中交西安筑路机械有限公司资产运营事业部焦平项目沥青搅拌设备租赁招标公告,陕西 » 西安市
BID-2025-05-06_ddad50de-9278-45a9-8d87-38874c4f5102,2025-05-06,https://www.zbytb.com/s-zb-57336627.html,陕西,仅招标,招标,上海交通大学医学院附属瑞金医院区域检验协同管理平台国内招标公告,陕西 » 延安市
BID-2025-05-06_3d8abc98-ad12-4901-b0d6-8b9f03159683,2025-05-06,https://www.zbytb.com/s-zb-57314695.html,陕西,仅招标,招标,陕西延长石油富县电厂二期四辅减温减压器招标公告,陕西 » 延安市
BID-2025-05-06_ac9992a1-22bb-4743-812f-03e4ad685336,2025-05-06,https://www.zbytb.com/s-zb-57314716.html,陕西,仅招标,招标,陕西延长石油富县电厂二期四辅发变组/停机变保护A招标公告,陕西 » 延安市
BID-2025-05-06_0f828609-d094-4297-91be-b59f746f5319,2025-05-06,https://www.zbytb.com/s-zb-57315635.html,陕西,仅招标,招标,测力台快速校准系统研制项目公告,陕西 » 西安市
BID-2025-05-06_cc129f70-400f-423e-882a-492b843c2c79,2025-05-06,https://www.zbytb.com/s-zb-57315807.html,陕西,仅招标,招标,试飞安全问题知识数据库数字化平台研制招标公告,陕西 » 西安市
BID-2025-05-06_edd33f9d-62b8-43ff-b5f3-315e2f08164e,2025-05-06,https://www.zbytb.com/s-zb-57315808.html,陕西,仅招标,招标,测力台快速校准系统研制招标公告,陕西 » 西安市
BID-2025-05-06_8158e9e1-607b-4f92-8756-c20568fd67a9,2025-05-06,https://www.zbytb.com/s-zb-57316789.html,陕西,仅招标,招标,兴海县九年一贯制寄宿制学校室外附属设施工程建设项目标段一合同公告,项目报价: 602万元
BID-2025-05-06_75ac0607-df13-45c4-8cc7-47361fd591e7,2025-05-06,https://www.zbytb.com/s-zb-57315041.html,陕西,仅招标,招标,榆林煤制清洁燃料升级示范项目环境影响评价服务项目招标公告,陕西 » 榆林市
BID-2025-05-06_4065fd73-eb3c-4298-81a7-8897b3d74992,2025-05-06,https://www.zbytb.com/s-zb-57314683.html,陕西,仅招标,招标,陕西延长石油富县电厂二期四辅直流蓄电池招标公告,陕西 » 延安市
BID-2025-05-06_9e0bb04b-ad6f-4ca9-a805-0637f941f09e,2025-05-06,https://www.zbytb.com/s-zb-57314700.html,陕西,仅招标,招标,陕西延长石油富县电厂二期四辅屋顶恒温恒湿空调机招标公告,陕西 » 延安市
BID-2025-05-06_048493c7-6286-4e5b-bed9-857cf65bb685,2025-05-06,https://www.zbytb.com/s-zb-57314710.html,陕西,仅招标,招标,陕西延长石油富县电厂二期四辅生活污水处理装置招标公告,陕西 » 延安市
BID-2025-05-06_b8663e97-a123-4d34-ab02-f34f153877f6,2025-05-06,https://www.zbytb.com/s-zb-57321788.html,陕西,仅招标,招标,109厂房变配电系统招标公告,项目报价: 203万元
BID-2025-05-06_fdc1c9c6-3990-461b-adb4-bca5802c2d9f,2025-05-06,https://www.zbytb.com/s-zb-57316799.html,陕西,仅招标,招标,班玛县2025年农村饮水工程提升改造项目标段一合同公告,项目报价: 312万元
BID-2025-05-06_077cb773-6f49-4723-8b92-9987f4a1e973,2025-05-06,https://www.zbytb.com/s-zb-57336497.html,陕西,仅招标,招标,加工中心用转台竞争性谈判公告,项目报价: 45万元
BID-2025-05-06_afefc553-534c-4759-a633-425269da517f,2025-05-06,https://www.zbytb.com/s-zb-57315849.html,陕西,仅招标,招标,榆林机场公司高压设备预防性检测项目采购公告,陕西 » 榆林市
BID-2025-05-06_63600ad0-402a-492b-b715-cb77523ed70a,2025-05-06,https://www.zbytb.com/s-zb-57313630.html,陕西,仅招标,招标,“紫薇云上项目2025年保洁服务外包”采购项目竞争性磋商公告,陕西 » 西安市
BID-2025-05-06_9ede8e2f-9338-4b14-8dec-dae3a69ce88a,2025-05-06,https://www.zbytb.com/s-zb-57314407.html,陕西,仅招标,招标,上海市闵行区中心医院2025年CAD/CAM全瓷修复体设计加工系统国际招标项目国际(1)招标公告,陕西 » 延安市
BID-2025-05-06_b8e38d49-957f-4ac2-a71b-aa3498f88abb,2025-05-06,https://www.zbytb.com/s-zb-57350383.html,陕西,仅招标,招标,陕西延长石油富县电厂二期2×1000MW工程第四批辅机设备采购(分包12-全厂给水泵(清水))招标公告,陕西
BID-2025-05-06_24e7dff1-2cc9-4b85-a3a0-f44d989e07d7,2025-05-06,https://www.zbytb.com/s-zb-57336498.html,陕西,仅招标,招标,叶片机器视觉检测系统设备二次竞争性谈判公告,项目报价: 94万元
BID-2025-05-06_208ade2a-4032-4eda-8d8c-4598da9454ec,2025-05-06,https://www.zbytb.com/s-zb-57350390.html,陕西,仅招标,招标,西安金陵紫金山酒店劳务用工招标二次招标公告,陕西 » 西安市
BID-2025-05-06_f8b13caf-acc0-4f1a-bf37-382c1fd32d0d,2025-05-06,https://www.zbytb.com/s-zb-57311482.html,陕西,仅招标,招标,佳县佳芦镇吕家坪村崩塌治理工程勘察设计项目竞争性磋商公告,陕西 » 榆林市
BID-2025-05-06_879b090c-f762-4ed2-af6f-95ab1f20edd4,2025-05-06,https://www.zbytb.com/s-zb-57312223.html,陕西,仅招标,招标,宝鸡北首岭博物馆北首岭遗址墓葬群展示提升项目一期资格预审公告,陕西 » 宝鸡市
BID-2025-05-06_e3bd22e7-e587-4a32-8013-562f34dda0d0,2025-05-06,https://www.zbytb.com/s-zb-57312700.html,陕西,仅招标,招标,西安沣东建筑工程有限公司沣东新城2023-2025年度西安绕城高速(六村堡立交-河池寨立交)景观绿化养护维护项目(2025年度)5标段、8标段招标公告,陕西 » 西安市
BID-2025-05-06_6670c0fe-b32b-4f22-a728-010317920cea,2025-05-06,https://www.zbytb.com/s-zb-57312796.html,陕西,仅招标,招标,延长油田股份有限公司定边采油厂压力表检定项目采购公告,资质: 工程造价咨询
BID-2025-05-06_449db593-0205-4800-9e44-c0a8c77f67ad,2025-05-06,https://www.zbytb.com/s-zb-57314694.html,陕西,仅招标,招标,西北三延安GC03采购公告,陕西 » 延安市
BID-2025-05-06_4820fc6c-c3d3-4409-b451-007c1a97d3d8,2025-05-06,https://www.zbytb.com/s-zb-57314156.html,陕西,仅招标,招标,榆林机场公司钢结构围栏喷漆翻新与室外土面区硬化项目采购公告,资质: 市政公用工程施工总承包三级
BID-2025-05-06_ec6a7202-5fbd-448c-9ba5-5d905d09e344,2025-05-06,https://www.zbytb.com/s-zb-57317730.html,陕西,仅招标,招标,西安现场紧固件250428WZ2025041404-采购公告,陕西 » 西安市
BID-2025-05-06_5102a55d-b956-4f42-b4dd-ac1868518290,2025-05-06,https://www.zbytb.com/s-zb-57350651.html,陕西,仅招标,招标,陕西省安康监狱单警装备采购项目竞争性磋商公告,陕西 » 安康市
BID-2025-05-06_804ab9d2-4092-4fd7-9235-dbde0c531082,2025-05-06,https://www.zbytb.com/s-zb-57312231.html,陕西,仅招标,招标,铜川市新区鸿基片区排水管网改造项目招标公告,资质: 市政公用工程施工总承包二级
BID-2025-05-06_bdd63922-4e1b-42eb-8fef-f9a3c65e19f2,2025-05-06,https://www.zbytb.com/s-zb-57336572.html,陕西,仅招标,招标,怀来县精神病专科医院室外污水改造工程招标公告,资质: 市政公用工程施工总承包三级
BID-2025-05-06_9d04e84f-29ed-46fa-a07c-6888793f09fa,2025-05-06,https://www.zbytb.com/s-zb-57350659.html,陕西,仅招标,招标,陕西延长石油富县电厂二期2×1000MW工程第四批辅机设备采购(分包11-净化站系统)招标公告,陕西
BID-2025-05-06_15328487-725a-4296-9aeb-68470462da4d,2025-05-06,https://www.zbytb.com/s-zb-57350661.html,陕西,仅招标,招标,陕西延长石油富县电厂二期2×1000MW工程第四批辅机设备采购(分包14-直流系统)招标公告,陕西
BID-2025-05-06_1622eb77-bf20-456c-bf6d-a73b3a8ee7e1,2025-05-06,https://www.zbytb.com/s-zb-57350662.html,陕西,仅招标,招标,陕西延长石油富县电厂二期2×1000MW工程第四批辅机设备采购(分包16-直流蓄电池)招标公告,陕西
BID-2025-05-06_ddf7f995-6169-4c06-b231-07431df03377,2025-05-06,https://www.zbytb.com/s-zb-57350664.html,陕西,仅招标,招标,陕西延长石油富县电厂二期2×1000MW工程第四批辅机设备采购(分包18-发变组/停机变保护B)招标公告,陕西
BID-2025-05-06_7f3e2d2a-6d49-41e4-bb29-a8a7876d431d,2025-05-06,https://www.zbytb.com/s-zb-57312227.html,陕西,仅招标,招标,渭南市临渭区金水路北段东侧棚户区改造项目(桂语蘭园)二期招标公告,资质: 房地产开发
BID-2025-05-06_2fb42440-5b97-4ce0-be79-9f5fb3fc2ba5,2025-05-06,https://www.zbytb.com/s-zb-57315049.html,陕西,仅招标,招标,双河油区聚合物微球调驱机理及矿场试验招标公告,陕西 » 延安市
BID-2025-05-06_4a48484a-3a5d-4ff0-add8-86377e798031,2025-05-06,https://www.zbytb.com/s-zb-57350691.html,陕西,仅招标,招标,陕西延长石油富县电厂二期2×1000MW工程第四批辅机设备采购(分包21-微雾抑尘装置)招标公告,陕西
BID-2025-05-06_99c2249d-b975-4964-9891-bfcf9a13a581,2025-05-06,https://www.zbytb.com/s-zb-57317382.html,陕西,仅招标,招标,陕西延长石油富县电厂二期四辅负压吸尘装置招标公告,陕西 » 延安市
BID-2025-05-06_7bec5078-9dec-4682-ae08-450c9c031072,2025-05-06,https://www.zbytb.com/s-zb-57311506.html,陕西,仅招标,招标,平利县医院采购空调维保项目竞争性磋商公告,陕西
BID-2025-05-06_1337d865-9748-4109-bcb1-467994048635,2025-05-06,https://www.zbytb.com/s-zb-57314687.html,陕西,仅招标,招标,陕西延长石油富县电厂二期四辅在线煤尘检测系统招标公告,陕西 » 延安市
BID-2025-05-06_819532ed-9cbe-4b9f-b094-923d52fa1f31,2025-05-06,https://www.zbytb.com/s-zb-57350709.html,陕西,仅招标,招标,中国电建电建装备集团“安康杯”微电影微视频微动漫创作比赛参赛作品招标公告,陕西 » 安康市
BID-2025-05-06_427b32a6-a185-44d5-9994-085cfd2c37aa,2025-05-06,https://www.zbytb.com/s-zb-57312298.html,陕西,仅招标,招标,上海市第十人民医院内窥镜摄像设备的国际招标公告,陕西 » 延安市
BID-2025-05-06_970e87f6-2b8f-4047-bbba-c02e6c4075ef,2025-05-06,https://www.zbytb.com/s-zb-57309291.html,陕西,仅招标,招标,咸阳高新区星光大道道路及配套设施建设项目设计招标公告,资质: 工程设计综合资质甲级
BID-2025-05-06_3f4facc6-b612-4622-b4b4-6aa73c5970d3,2025-05-06,https://www.zbytb.com/s-zb-57311457.html,陕西,仅招标,招标,芯片倒装键合机国际招标澄清或变更公告(3)招标公告,陕西 » 西安市
BID-2025-05-06_4350dcf5-c062-4798-b633-e6930b65b35e,2025-05-06,https://www.zbytb.com/s-zb-57311459.html,陕西,仅招标,招标,激光植球机国际招标澄清或变更公告(3)招标公告,陕西 » 西安市
BID-2025-05-06_0cf35179-b98c-470a-8b72-3dae01f4fbf9,2025-05-06,https://www.zbytb.com/s-zb-57309176.html,陕西,仅招标,招标,榆阳区2026年高标准农田建设项目勘测设计服务采购招标公告,陕西 » 榆林市
BID-2025-05-06_fc43173c-476d-4cd8-909a-36bbc7087d3e,2025-05-06,https://www.zbytb.com/s-zb-57309141.html,陕西,仅招标,招标,阎良区振兴路北段提升改造项目施工资格预审公告,资质: 市政公用工程施工总承包三级
BID-2025-05-06_f9c29efc-d51c-4a9c-8d31-bae5484244e0,2025-05-06,https://www.zbytb.com/s-zb-57313854.html,陕西,仅招标,招标,国家税务总局榆林市税务局2025年公务用车驾驶员劳务外包服务招标公告,项目报价: 380万元
BID-2025-05-06_a457f9f3-3bab-4bf9-8c26-cd3b62b29c6a,2025-05-06,https://www.zbytb.com/s-zb-57309297.html,陕西,仅招标,招标,井下作业工程公司测井资料解释技术服务框架协议采购公告,陕西 » 延安市
BID-2025-05-06_eeef1ddc-6d1e-4c38-bad5-7cff89100c27,2025-05-06,https://www.zbytb.com/s-zb-57310918.html,陕西,仅招标,招标,内窥镜摄像设备国际(1)招标公告,陕西 » 延安市
BID-2025-05-06_27b88f86-9110-4d9b-ab92-379c1a461a0d,2025-05-06,https://www.zbytb.com/s-zb-57314714.html,陕西,仅招标,招标,陕西延长石油富县电厂二期四辅水泵永磁调速装置招标公告,陕西 » 延安市
BID-2025-05-06_897dca17-c1bd-4fa3-8074-908c938f40b7,2025-05-06,https://www.zbytb.com/s-zb-57311084.html,陕西,仅招标,招标,陕西省天然气股份有限公司2025-2026年防雷装置检测技术服务招标公告,陕西 » 榆林市
BID-2025-05-06_ccb2bc08-c242-446b-af87-b4d8431faa6c,2025-05-06,https://www.zbytb.com/s-zb-57309298.html,陕西,仅招标,招标,井下作业工程公司生产测试资料解释技术服务框架协议采购公告,陕西 » 延安市
BID-2025-05-06_7d6dae38-7d8d-47dc-a321-da06c2b40b7c,2025-05-06,https://www.zbytb.com/s-zb-57313626.html,陕西,仅招标,招标,陕西赛福燃气科技有限公司燃气智能卡采购招标公告,陕西 » 西安市
BID-2025-05-06_64e40f01-2433-4166-a979-8372638f9f4f,2025-05-06,https://www.zbytb.com/s-zb-57313635.html,陕西,仅招标,招标,白桦林隐项目广告推广设计服务招标公告,项目报价: 82万元
BID-2025-05-06_981b379d-09af-4ddf-bf5e-ce11ac79df50,2025-05-06,https://www.zbytb.com/s-zb-57313221.html,陕西,仅招标,招标,导管快速精确制造系统-延期公告,陕西 » 西安市
BID-2025-05-06_6704c195-a282-4cf1-98e3-5d7db47b85da,2025-05-06,https://www.zbytb.com/s-zb-57310208.html,陕西,仅招标,招标,导管快速精确制造系统变更公告,陕西 » 西安市
BID-2025-05-06_c33ac8c2-d8d6-4868-9c09-44d978e33cea,2025-05-06,https://www.zbytb.com/s-zb-57309152.html,陕西,仅招标,招标,乾县人民医院高铁医院地下智慧停车库项目监理招标公告,资质: 房屋建筑工程监理乙级
BID-2025-05-06_0aecbd77-eaeb-4b92-a24a-2486c1db8c4c,2025-05-06,https://www.zbytb.com/s-zb-57309289.html,陕西,仅招标,招标,延长县城区供水燃气排水管网提升改造项目(设计)一标段、二标段招标公告,项目报价: 8783万元
BID-2025-05-06_2aa69b5f-783b-4573-b0d1-b6fec1c7bc79,2025-05-06,https://www.zbytb.com/s-zb-57309241.html,陕西,仅招标,招标,中铁十二局集团有限公司西渝高铁康渝段站前一标项目经理部自购物资集中采购招标公告,资质: CMA
BID-2025-05-06_77d2ab15-873d-43a8-8171-47ffce9fadd1,2025-05-06,https://www.zbytb.com/s-zb-57327362.html,陕西,仅招标,招标,陕西榆能榆神西南热电有限公司2025年石灰石物资采购项目变更公告,陕西 » 榆林市
BID-2025-05-06_13189e15-cdbf-43fd-aaba-67a22909f431,2025-05-06,https://www.zbytb.com/s-zb-57338674.html,陕西,仅招标,招标,金街停车场、西安道停车楼及大沽路停车楼人员服务及保洁服务单位采购项目招标公告,项目报价: 172万元
BID-2025-05-06_5bfc0ddc-f792-4862-b936-1a5f7a1ab2fb,2025-05-06,https://www.zbytb.com/s-zb-57309288.html,陕西,仅招标,招标,富县2025年村道安防工程招标公告,资质: 公路工程施工总承包三级
BID-2025-05-06_83d7f97a-ec27-4c75-99a3-90fc2f82f3a0,2025-05-06,https://www.zbytb.com/s-zb-57309287.html,陕西,仅招标,招标,2025年中央水库移民扶持基金项目宝塔区蟠龙镇核桃坪村产业扶持及太阳能路灯安装工程施工标项招标公告,资质: 水利水电工程施工总承包三级
BID-2025-05-06_cf146ebd-0a0b-4c45-b071-d5a637d48a4b,2025-05-06,https://www.zbytb.com/s-zb-57315019.html,陕西,仅招标,招标,谈判采购三二〇一医院无创呼吸机采购公告,项目报价: 30万元
BID-2025-05-06_94deb8f9-e697-4b1f-9b13-4367afc945da,2025-05-06,https://www.zbytb.com/s-zb-57313761.html,陕西,仅招标,招标,中冶建工两江建设有限公司城中村改造--大渡口区钓鱼嘴(西)安置房项目6#住宅、7#住宅、16#市民中心及其对应车库部分、9#商业楼等工程成本控制服务采购澄清公告,陕西 » 西安市
BID-2025-05-06_e3426ac8-811d-4409-a9b9-ade91af87783,2025-05-06,https://www.zbytb.com/s-zb-57315645.html,陕西,仅招标,招标,浐灞生态区锦堤住宅项目公变电力工程施工澄清/变更公告,资质: 房地产开发
BID-2025-05-06_f16074cf-471e-4428-b0b2-8af93b5911be,2025-05-06,https://www.zbytb.com/s-zb-57323166.html,陕西,仅招标,招标,蓝田县汤峪镇人民政府汤峪镇联村集体经济产业园(108省道)招标公告,资质: 建筑工程施工总承包三级
BID-2025-05-06_d265ceae-5ca8-4b95-98eb-df2c3ede5867,2025-05-06,https://www.zbytb.com/s-zb-57309287.html,陕西,仅招标,招标,2025年中央水库移民扶持基金项目宝塔区蟠龙镇核桃坪村产业扶持及太阳能路灯安装工程施工标项招标公告,资质: 水利水电工程施工总承包三级
BID-2025-05-06_846e4c73-0e9d-40c9-8106-1b60936bec81,2025-05-06,https://www.zbytb.com/s-zb-57309288.html,陕西,仅招标,招标,富县2025年村道安防工程招标公告,资质: 公路工程施工总承包三级
BID-2025-05-06_713b787a-ba57-4159-9073-d55451705ece,2025-05-06,https://www.zbytb.com/s-zb-57334421.html,陕西,仅招标,招标,中国邮政集团有限公司西安邮件处理中心二期土建工程地基及桩基检测服务采购项目招标公告,资质: 建设工程质量检测机构
BID-2025-05-06_78117c07-555d-439b-954e-30e03c45b6da,2025-05-06,https://www.zbytb.com/s-zb-57335456.html,陕西,仅招标,招标,中国电财西北分公司2025年第一次服务竞争性谈判授权采购公告,陕西
BID-2025-05-06_3be4eb06-8f96-4350-a2e2-b39fdb23d148,2025-05-06,https://www.zbytb.com/s-zb-57326101.html,陕西,仅招标,招标,中冶天工开物工程公司中国移动(甘孜)榆林新区数据中心工程钢筋招标公告,陕西 » 榆林市
BID-2025-05-06_9e57544e-78f4-42d6-84b2-2330ff92a662,2025-05-06,https://www.zbytb.com/s-zb-57331493.html,陕西,仅招标,招标,中铁建工集团有限公司崇文佳苑十期安置房项目EPC工程总承包粗装修工程一(二)标段工程劳务分包谈判公告,资质: 施工劳务不分等级
BID-2025-05-06_dedebd1f-4f4a-45a2-938e-525c924e9324,2025-05-06,https://www.zbytb.com/s-zb-57339310.html,陕西,仅招标,招标,西电光电缆公司东区建筑物及硬化路面面积测量项目采购项目公告,资质: 测绘乙级
BID-2025-05-06_d9a85d7e-491c-4992-ba07-1e1eef51c6f5,2025-05-06,https://www.zbytb.com/s-zb-57330128.html,陕西,仅招标,招标,澄城县民政局澄城县殡葬设施布局专项规划编制项目竞争性谈判公告,资质: 城乡规划编制乙级
BID-2025-05-06_16f704a0-ed60-498d-aea0-821ff76cb745,2025-05-06,https://www.zbytb.com/s-zb-57327918.html,陕西,仅招标,招标,西安研究院机器人履带底盘采购项目公告,陕西 » 西安市
BID-2025-05-06_14f2aa87-1b3d-413f-9813-44a701010e6d,2025-05-06,https://www.zbytb.com/s-zb-57328907.html,陕西,仅招标,招标,西安市公安局机关食堂食材(蔬菜、蛋、豆类)采购项目招标公告,资质: CMA
BID-2025-05-06_c210c45b-9c4a-46b9-ae07-1b2a78fa2705,2025-05-06,https://www.zbytb.com/s-zb-57328900.html,陕西,仅招标,招标,﻿陕西有色榆林新材料集团有限责任公司发电分公司NO.1-5机组AGC、一次调频、AVC及进相试验招标公告,资质: CMA
BID-2025-05-06_a077df8f-caa3-4dc7-b254-6ac4df2b7e1f,2025-05-06,https://www.zbytb.com/s-zb-57331882.html,陕西,仅招标,招标,泾河新城工业聚集区污水处理厂2025年污泥处置服务采购变更公告,陕西 » 西安市
BID-2025-05-06_5241f715-727d-4916-b521-d6b5d626861f,2025-05-06,https://www.zbytb.com/s-zb-57333754.html,陕西,仅招标,招标,西安市碑林区市场监督管理局(本级)机关食堂食材采购二次竞争性磋商公告,陕西 » 西安市
BID-2025-05-06_a6ea0cd0-3527-4101-b69d-c0772ac6ad66,2025-05-06,https://www.zbytb.com/s-zb-57330222.html,陕西,仅招标,招标,西安市人民医院(西安市第四医院)病理设备采购项目(四次)招标公告,陕西 » 西安市
BID-2025-05-06_3663b9e9-3826-49b5-8cbd-4853d9c959d6,2025-05-06,https://www.zbytb.com/s-zb-57323207.html,陕西,仅招标,招标,西北妇女儿童医院直线加速器、后装机、大孔径模拟定位机等一批设备采购暂停公告,资质: 工程造价咨询
BID-2025-05-06_2fda084c-e0b2-4737-be22-7f5e48bbb12a,2025-05-06,https://www.zbytb.com/s-zb-57334327.html,陕西,仅招标,招标,西安研究院DSMK三维模型构建项目公告,陕西 » 西安市
BID-2025-05-06_fbb1650a-36fd-4c17-bd4f-1061b5048451,2025-05-06,https://www.zbytb.com/s-zb-57355473.html,陕西,仅招标,招标,工程三部三分司金泰·青龙台项目DK-1-2-1期工程施工总承包一标段扶手栏杆专业分包招标任务任务招标公告,陕西 » 西安市
BID-2025-05-06_5e340045-4ca2-4104-aa9f-211ea002fb8e,2025-05-06,https://www.zbytb.com/s-zb-57336019.html,陕西,仅招标,招标,绥德县2025年山洪灾害监测预警设备运行维护服务采购竞争性谈判公告,陕西 » 榆林市
BID-2025-05-06_592c3693-5a4e-44d1-8ceb-747ff5180512,2025-05-06,https://www.zbytb.com/s-zb-57314271.html,陕西,仅招标,招标,可编程逻辑控制器框架协议采购公告,陕西 » 西安市
BID-2025-05-06_c20ac86d-35b1-4761-af82-ee4e971368eb,2025-05-06,https://www.zbytb.com/s-zb-57319010.html,陕西,仅招标,招标,陕西省汉江监狱监狱医院医疗废水处理站建设项目采购更正公告(第二次)招标公告,陕西 » 汉中市
BID-2025-05-06_9e41027f-d84e-4e7e-9bdc-23053432c90c,2025-05-06,https://www.zbytb.com/s-zb-57315723.html,陕西,仅招标,招标,工S25099-1454-西安招商天青云麓项目智能化工程-户内报警设备及电子围栏设备直接采购招标公告,陕西 » 西安市
BID-2025-05-06_2c3be2fa-3e19-416c-a190-562f73c2e1f5,2025-05-06,https://www.zbytb.com/s-zb-57315716.html,陕西,仅招标,招标,工S25101-1457-西安招商云山间项目大区智能化工程-户内报警设备及电子围栏设备直接采购招标公告,陕西 » 西安市
BID-2025-05-06_46385bfc-2b36-48ca-94c9-2e8f8a759f37,2025-05-06,https://www.zbytb.com/s-zb-57319469.html,陕西,仅招标,招标,西安电子科技大学校医院CT机(计算机断层扫描系统)采购项目招标公告,项目报价: 568万元
BID-2025-05-06_64c6b223-829a-41b8-99ea-d2c23da43f51,2025-05-06,https://www.zbytb.com/s-zb-57315659.html,陕西,仅招标,招标,榆林市榆阳区文化和旅游文物广电局2025年06月政府采购意向,陕西 » 榆林市
BID-2025-05-06_46f07072-5fb7-4ca1-98f6-7f0877ad080e,2025-05-06,https://www.zbytb.com/s-zb-57316425.html,陕西,仅招标,招标,2025年凤鸣镇半个城村钢结构仓储项目采购公告,资质: 建筑工程施工总承包三级
BID-2025-05-06_dda01e78-cc18-4c24-8cfa-7dd5603e21b8,2025-05-06,https://www.zbytb.com/s-zb-57316404.html,陕西,仅招标,招标,安康市保障性住房管理中心景泰新居10号楼保障房居民公共及商业用电工程竞争性磋商公告,资质: 电力工程施工总承包三级
BID-2025-05-06_d17b73aa-f985-4846-a6e3-8fc9eed94675,2025-05-06,https://www.zbytb.com/s-zb-57316422.html,陕西,仅招标,招标,合阳县文化和旅游资源普查项目竞争性磋商公告,资质: 测绘
BID-2025-05-06_f5b5e9d5-8ef9-4bda-b27e-bfd33aec1851,2025-05-06,https://www.zbytb.com/s-zb-57333743.html,陕西,仅招标,招标,榆神工业区规划水资源论证报告书编制服务采购项目二次竞争性磋商公告,陕西 » 榆林市
BID-2025-05-06_63b5e4a6-bd5b-4914-bec0-e04fe69475e3,2025-05-06,https://www.zbytb.com/s-zb-57337970.html,陕西,仅招标,招标,延安市禾草沟煤业有限公司购置两套超前支架(回风、胶运各一套)竞争性谈判邀请书招标公告,陕西 » 延安市
BID-2025-05-06_939d26a3-d616-42cf-8001-c3f0d8c28309,2025-05-06,https://www.zbytb.com/s-zb-57336490.html,陕西,仅招标,招标,西安邮件处理中心二期工程外电源施工项目招标公告,资质: 电力工程施工总承包三级
BID-2025-05-06_faf39626-fb63-4680-942d-60cbee3763f6,2025-05-06,https://www.zbytb.com/s-zb-57330135.html,陕西,仅招标,招标,镇坪县曙坪镇险子城崩塌治理工程监理单位采购竞争性谈判公告,资质: 地质灾害治理工程监理甲级
BID-2025-05-06_2f45aa40-6abc-4531-ad50-3b77f74222e9,2025-05-06,https://www.zbytb.com/s-zb-57328796.html,陕西,仅招标,招标,长庆油田分公司2025年第二采气厂工具等一批采购项目(带量)招标公告,项目报价: 101万元
BID-2025-05-06_8a9e2322-000f-4840-a3e6-95a0779e1555,2025-05-06,https://www.zbytb.com/s-zb-57333755.html,陕西,仅招标,招标,王益经济技术开发区管理委员会《陕西王益经济技术开发区总体发展规划(2025-2035年)环境影响报告书》编制竞争性磋商公告,陕西 » 铜川市
BID-2025-05-06_4863b21c-e0d7-4897-ae13-1fbf42542cf6,2025-05-06,https://www.zbytb.com/s-zb-57331498.html,陕西,仅招标,招标,S102曹坪镇九间房至踩玉河口公路改建工程施工监理及中心试验室招标公告,项目报价: 233万元
BID-2025-05-06_e0a5f0d5-331d-4699-beb0-b0a7904726d0,2025-05-06,https://www.zbytb.com/s-zb-57330224.html,陕西,仅招标,招标,定边县产业园区管理委员会关于编制《产业园区规划环评》项目竞争性谈判公告,陕西
BID-2025-05-06_fa1291ab-c779-4f96-b606-a6c78093abab,2025-05-06,https://www.zbytb.com/s-zb-57330101.html,陕西,仅招标,招标,西安建筑科技大学电化学综合测试系统采购项目竞争性谈判公告,陕西 » 西安市
BID-2025-05-06_32f3f45c-a91b-4e50-95cd-052e81def325,2025-05-06,https://www.zbytb.com/s-zb-57331502.html,陕西,仅招标,招标,宝鸡高新区马营镇下沟村沟口至燃库路0.9公里处道路养护工程招标公告,资质: 公路工程施工总承包三级
BID-2025-05-06_7bb2177a-24b8-49aa-9a1c-60a7a4d3b5f5,2025-05-06,https://www.zbytb.com/s-zb-57331490.html,陕西,仅招标,招标,榆阳区轻纺产业园公租房项目基坑支护工程招标公告,资质: 地基基础工程专业承包二级
BID-2025-05-06_d115fb2d-55dc-4eab-b857-43ff490c6e4d,2025-05-06,https://www.zbytb.com/s-zb-57323182.html,陕西,仅招标,招标,陇县东南镇梁甫河予村、鸡家庄水毁堤防修复工程采购公告,资质: 水利水电工程施工总承包三级
BID-2025-05-06_3e2fcd82-460c-4b68-8331-4ef5ac3ade26,2025-05-06,https://www.zbytb.com/s-zb-57336015.html,陕西,仅招标,招标,商洛学院图书馆2025年中文纸质图书及伴随服务采购项目招标公告,陕西 » 商洛市
BID-2025-05-06_de0127c1-f4a6-406e-a2ef-05a9cc2158da,2025-05-06,https://www.zbytb.com/s-zb-57342688.html,陕西,仅招标,招标,草堂校区南山书院学生食堂电缆采购招标公告,项目报价: 68万元
BID-2025-05-06_0720efef-a15e-4d50-8de1-ecd2529c623d,2025-05-06,https://www.zbytb.com/s-zb-57330163.html,陕西,仅招标,招标,陕西省西安市临潼区玉米单产提升项目招标公告,资质: 水利水电工程施工总承包三级
BID-2025-05-06_94fb6c32-91dd-4dd1-8d04-6052347f3b63,2025-05-06,https://www.zbytb.com/s-zb-57323151.html,陕西,仅招标,招标,榆林市榆阳区交通运输局榆阳区耳沙路(小纪汗至榆可路段)四级公路改建工程勘察设计服务招标公告,陕西 » 榆林市
BID-2025-05-06_3770c741-b4db-42de-9899-9cd9b7a995ab,2025-05-06,https://www.zbytb.com/s-zb-57330274.html,陕西,仅招标,招标,曲江新区2025年新增企业免费刻章服务招标公告,陕西 » 西安市
BID-2025-05-06_df304960-915c-4844-b789-60ea07cceae2,2025-05-06,https://www.zbytb.com/s-zb-57330225.html,陕西,仅招标,招标,G338府谷碛塄黄河大桥及引线工程环境影响评估报告编制竞争性谈判公告,陕西 » 榆林市
BID-2025-05-06_481791d9-f2db-4937-8e3e-13233b05ec33,2025-05-06,https://www.zbytb.com/s-zb-57342444.html,陕西,仅招标,招标,西安邮电大学2025年06月政府采购意向,陕西 » 西安市
BID-2025-05-06_33b80787-4c3a-41c0-90ac-cdf67efb475b,2025-05-06,https://www.zbytb.com/s-zb-57328765.html,陕西,仅招标,招标,长庆油田分公司2025年第二采气输入模块等一批采购项目(带量)招标公告,项目报价: 5万元
BID-2025-05-06_194aef19-b7a8-4c69-b631-508c4acbc1ca,2025-05-06,https://www.zbytb.com/s-zb-57343737.html,陕西,仅招标,招标,中铁一局集团有限公司第三工程分公司沪苏锡常城际铁路太仓先导段临时支护及钢栈桥、钢平台工程施工劳务招标公告,项目报价: 492万元
BID-2025-05-06_e7bb0acc-8e70-4fa0-9443-2c2f3facd131,2025-05-06,https://www.zbytb.com/s-zb-57328715.html,陕西,仅招标,招标,中油测井WZ-202504-00131零部件表面处理设备采购项目(带量)二次招标公告,项目报价: 165万元
BID-2025-05-06_c24f60ef-af67-4472-a43b-ebf90fc68941,2025-05-06,https://www.zbytb.com/s-zb-57316416.html,陕西,仅招标,招标,西安市回民殡仪馆2025年回民公墓劳务费外包项目竞争性磋商公告,资质: 人力资源服务许可证
BID-2025-05-06_e1b72644-897f-4e34-a5ef-d73ba5bda94d,2025-05-06,https://www.zbytb.com/s-zb-57309296.html,陕西,仅招标,招标,井下作业工程公司常规井测井资料解释技术服务框架协议采购公告,陕西 » 延安市
BID-2025-05-06_aa936c88-44d6-411e-b09c-eee6dce11c91,2025-05-06,https://www.zbytb.com/s-zb-57322925.html,陕西,仅招标,招标,长庆油田长北作业分公司2025年标准孔板、电池柜等生产维护类物资采购竞争性谈判公告,陕西
BID-2025-05-06_1cfaa6a7-7bf8-4496-8fa6-39255a2b1f33,2025-05-06,https://www.zbytb.com/s-zb-57324279.html,陕西,仅招标,招标,蒲城县2025年农村公路建设项目施工监理招标公告,资质: 公路工程监理
BID-2025-05-06_74937488-7572-4b96-b2e0-9f09d07c0fbc,2025-05-06,https://www.zbytb.com/s-zb-57324276.html,陕西,仅招标,招标,宝塔区临镇镇2025年以工代赈示范项目招标公告,资质: 市政公用工程施工总承包三级
BID-2025-05-06_7152df29-412f-46ad-8d7f-4a0d033c0276,2025-05-06,https://www.zbytb.com/s-zb-57322881.html,陕西,仅招标,招标,长庆油田长北作业分公司2025年低压开关配电柜维护维修项目招标公告,陕西
BID-2025-05-06_1776e0a1-99d5-4122-bc46-5c9297171db0,2025-05-06,https://www.zbytb.com/s-zb-57323171.html,陕西,仅招标,招标,府谷县水利局府谷县皇甫川中型灌区工程前期工作服务项目招标公告,陕西 » 榆林市
BID-2025-05-06_2d4469aa-9f6e-4ee6-8296-9b54b0755729,2025-05-06,https://www.zbytb.com/s-zb-57323174.html,陕西,仅招标,招标,西安市灞桥区生活垃圾分类服务中心灞桥区餐厨垃圾收运服务项目竞争性磋商公告,陕西 » 西安市
BID-2025-05-06_bece8b84-0f17-4127-a488-3c669c198020,2025-05-06,https://www.zbytb.com/s-zb-57323204.html,陕西,仅招标,招标,渭南市妇幼保健院眼科五官科设备采购更正公告(第一次)招标公告,陕西 » 渭南市
BID-2025-05-06_b6dd65db-c0fb-4cd6-8a2c-2b0c8e663829,2025-05-06,https://www.zbytb.com/s-zb-57328908.html,陕西,仅招标,招标,陕西金源招贤矿业有限公司冲击危险性评价报告及防冲设计编制与修编项目招标公告,资质: CMA
BID-2025-05-06_9b028219-1fba-44f6-9369-95fbc9868489,2025-05-06,https://www.zbytb.com/s-zb-57331480.html,陕西,仅招标,招标,府谷县新民镇新城川集装站移民搬迁项目二次招标公告,资质: 建筑工程施工总承包三级
BID-2025-05-06_773a3bdd-568c-4451-b7b7-c962b354b05d,2025-05-06,https://www.zbytb.com/s-zb-57326594.html,陕西,仅招标,招标,长庆油田苏里格南作业分公司2024年产能建设项目苏南C2站35kV变电站工程招标公告,陕西
BID-2025-05-06_274bdc72-8da5-45c7-a69f-351ad14f8178,2025-05-06,https://www.zbytb.com/s-zb-57316448.html,陕西,仅招标,招标,西安市第三医院影像中心，脊柱外科医疗设备一批采购更正公告(第一次)招标公告,陕西 » 西安市
BID-2025-05-06_fb239031-c85f-47af-b17c-5363bc2feab4,2025-05-06,https://www.zbytb.com/s-zb-57316451.html,陕西,仅招标,招标,陕西省财政厅机关2025年预算一体化云平台及数据库续采项目采购更正公告(第一次)招标公告,陕西 » 西安市
BID-2025-05-06_080d8c51-10e7-4041-bc4c-ad77cd0d85be,2025-05-06,https://www.zbytb.com/s-zb-57334828.html,陕西,仅招标,招标,榆林区域钻井液不落地钻井岩屑、废弃钻井液拉运招标公告,陕西 » 榆林市
BID-2025-05-06_d22190ea-e9be-4f03-bf85-b06e88b18b2e,2025-05-06,https://www.zbytb.com/s-zb-57329378.html,陕西,仅招标,招标,服务类nullnull招标公告,项目报价: 407万元
BID-2025-05-06_1b8f6bb9-9f30-482d-88a9-c913d50f6c5c,2025-05-06,https://www.zbytb.com/s-zb-57330272.html,陕西,仅招标,招标,安康高新区居尚小区外墙及防水维修等零星工程招标公告,资质: 建筑工程施工总承包三级
BID-2025-05-06_aaebaeda-91f2-45f1-80aa-c37a7ff1db6a,2025-05-06,https://www.zbytb.com/s-zb-57330269.html,陕西,仅招标,招标,叶坪镇2024年灾后水毁河堤路修复及游客接待站建设项目竞争性磋商公告,资质: 市政公用工程施工总承包三级
BID-2025-05-06_b8465141-b3c8-4dea-8516-0f7b439aa1f7,2025-05-06,https://www.zbytb.com/s-zb-57330296.html,陕西,仅招标,招标,米脂县民政局米脂县未成年救助保护中心(儿童福利院)装饰(部分)及附属工程采购更正公告(第二次)招标公告,陕西 » 宝鸡市
BID-2025-05-06_c726797a-7084-4d81-b6fc-9e70086448e2,2025-05-06,https://www.zbytb.com/s-zb-57330285.html,陕西,仅招标,招标,西安市临潼旅游商贸开发区管理委员会临潼区LT9-(55)-37号宗地考古发掘劳务服务工程采购更正公告(第一次)招标公告,陕西 » 西安市
BID-2025-05-06_80e96723-44db-4acf-92a2-068f0a54db1a,2025-05-06,https://www.zbytb.com/s-zb-57330283.html,陕西,仅招标,招标,宁陕县住房和城乡建设局宁陕县老旧小区改造(松下小区)基础设施配套提升改造项目一期采购更正公告(第一次)招标公告,陕西 » 安康市
BID-2025-05-06_05164c3e-d60b-4aea-8c57-82d362d17a90,2025-05-06,https://www.zbytb.com/s-zb-57330166.html,陕西,仅招标,招标,安康市林业局2024年度陕西省秦巴山区汉江丹江流域中央财政国土绿化示范项目造价编制服务竞争性磋商公告,陕西 » 安康市
BID-2025-05-06_f6738dad-9b2a-4833-91ba-1f01e9012c7a,2025-05-06,https://www.zbytb.com/s-zb-57330173.html,陕西,仅招标,招标,绥德县剧院楼面亮化灯具采购竞争性谈判公告,陕西 » 榆林市
BID-2025-05-06_6070ab42-edb9-40db-a740-c3b6091e71a5,2025-05-06,https://www.zbytb.com/s-zb-57330211.html,陕西,仅招标,招标,西安职业技术学院2025年高等教育博览会布展服务竞争性磋商公告,陕西 » 西安市
BID-2025-05-06_5f1514a1-513b-42fb-aba7-4d3fe7e7974b,2025-05-06,https://www.zbytb.com/s-zb-57330206.html,陕西,仅招标,招标,陕西省市场监督管理局信息中心陕西省市场监督管理局网络安全等级保护测评项目竞争性磋商公告,陕西 » 西安市
BID-2025-05-06_87758aa7-13e8-43a0-a3c9-4ae4ac303415,2025-05-06,https://www.zbytb.com/s-zb-57333759.html,陕西,仅招标,招标,镇坪县高级中学高考智能巡查系统竞争性谈判公告,陕西 » 安康市
BID-2025-05-06_bce5b3d4-2ecc-4f77-ac1e-09cf5c6e4236,2025-05-06,https://www.zbytb.com/s-zb-57333775.html,陕西,仅招标,招标,铜川市人民检察院机关食堂外包项目采购更正公告(第一次)招标公告,陕西 » 铜川市
BID-2025-05-06_b7af6c36-8c59-4b75-8d3b-77e921f3189a,2025-05-06,https://www.zbytb.com/s-zb-57333737.html,陕西,仅招标,招标,定边县民政局关于居家和社区养老服务提升行动项目竞争性磋商公告,陕西 » 榆林市
BID-2025-05-06_158f04fa-3107-4c53-86a0-ea7d5778b010,2025-05-06,https://www.zbytb.com/s-zb-57320129.html,陕西,仅招标,招标,张家堡片区城市公共空间更新与功能提升工程-道路微改造工程社会稳定风险评估项目采购招标公告,资质: 工程造价咨询
BID-2025-05-06_825d205f-31ab-442f-84b2-09286cde3ec9,2025-05-06,https://www.zbytb.com/s-zb-57326794.html,陕西,仅招标,招标,长庆油田分公司第一采油厂编制2023年油、气田产能建设项目节能验收咨询服务招标公告,项目报价: 38万元
BID-2025-05-06_55d18384-1684-4344-8628-630c95792083,2025-05-06,https://www.zbytb.com/s-zb-57340040.html,陕西,仅招标,招标,长庆油田分公司第四采油厂2025年安全阀校验服务项目标段01招标公告,陕西
BID-2025-05-06_b294fac4-6d30-4d6e-9d0f-f7489c3734dd,2025-05-06,https://www.zbytb.com/s-zb-57319004.html,陕西,仅招标,招标,西安市自然资源和规划局长安分局业务委托服务采购项目竞争性磋商公告,陕西 » 西安市
BID-2025-05-06_0aceef4a-98bf-4945-b535-584358173e74,2025-05-06,https://www.zbytb.com/s-zb-57311505.html,陕西,仅招标,招标,平利县2024年老旧小区改造第二批增补项目设计竞争性磋商公告,陕西 » 安康市
BID-2025-05-06_3d72c497-a8bc-4e44-8de2-1d2479902d66,2025-05-06,https://www.zbytb.com/s-zb-57324283.html,陕西,仅招标,招标,蒲城县2025年农村公路建设项目施工招标公告,资质: 公路工程施工总承包三级
BID-2025-05-06_02af0198-be1a-4e3d-930a-70e2e126c1e5,2025-05-06,https://www.zbytb.com/s-zb-57323141.html,陕西,仅招标,招标,合阳县审计局合阳县人民医院基础设施配套项目竣工决算审计服务竞争性磋商公告,陕西 » 西安市
BID-2025-05-06_7797d6ac-f4b6-4bab-8e3b-388f2a168ea3,2025-05-06,https://www.zbytb.com/s-zb-57323184.html,陕西,仅招标,招标,府谷县.庙沟门镇人民政府后勤人员劳务派遣竞争性谈判公告,资质: 劳务派遣经营许可证
BID-2025-05-06_867d8f01-40ac-4604-9ca0-2e9064f15d9c,2025-05-06,https://www.zbytb.com/s-zb-57324821.html,陕西,仅招标,招标,志丹采油厂消防设施操作人员培训取证(中级)采购公告,陕西 » 西安市
BID-2025-05-06_81150633-2928-4984-9735-f8b3b14e9312,2025-05-06,https://www.zbytb.com/s-zb-57313509.html,陕西,仅招标,招标,西安中核核仪器股份有限公司火焰探测器框架采购公告,陕西 » 西安市
BID-2025-05-06_38e634a8-a72e-4bc5-aa95-15e245223773,2025-05-06,https://www.zbytb.com/s-zb-57315700.html,陕西,仅招标,招标,宝石机械中油测井车项目配套柴油发电机采购项目招标公告,陕西 » 宝鸡市
BID-2025-05-06_7be891a0-008c-4328-bc4e-f17103d56e29,2025-05-06,https://www.zbytb.com/s-zb-57329869.html,陕西,仅招标,招标,天津市养老院天津市养老院膳食服务项目招标公告,资质: 食品经营许可证
BID-2025-05-06_241d8371-38db-4961-8d08-23952ba64fb9,2025-05-06,https://www.zbytb.com/s-zb-57331485.html,陕西,仅招标,招标,宝鸡市凤翔区2024年第二批财政衔接资金农村供水保障工程招标公告,资质: 水利水电工程施工总承包三级
BID-2025-05-06_6d098396-094e-47ff-8228-9537a82b1085,2025-05-06,https://www.zbytb.com/s-zb-57330231.html,陕西,仅招标,招标,蒲城县卫生健康局罕井中心卫生院地基主体抢险加固及主体改造维修工程招标公告,资质: 特种工程专业承包
BID-2025-05-06_e5cc2389-cbd3-440c-8ad6-e7fa2d12138a,2025-05-06,https://www.zbytb.com/s-zb-57330207.html,陕西,仅招标,招标,西安市雁塔区行政审批服务局证照印刷及其他印刷设计制作项目竞争性磋商公告,陕西 » 西安市
BID-2025-05-06_51bc9c47-4371-4b42-89a9-0b2ebb013558,2025-05-06,https://www.zbytb.com/s-zb-57330220.html,陕西,仅招标,招标,定边县定边街道办事处关于北关社区等4个社区托育机构建设项目竞争性谈判公告,陕西 » 榆林市
BID-2025-05-06_88788caa-6a34-4562-b29b-65a1bff5b1e1,2025-05-06,https://www.zbytb.com/s-zb-57330111.html,陕西,仅招标,招标,米脂县第五中学教学环境提升项目竞争性谈判公告,陕西
BID-2025-05-06_82b22231-63a2-4067-854c-9002f78124d7,2025-05-06,https://www.zbytb.com/s-zb-57330118.html,陕西,仅招标,招标,宜君县疾病预防控制中心迁建项目电梯的采购竞争性磋商公告,资质: 特种设备制造
BID-2025-05-06_158feec3-2b0a-4411-ada8-b1b9f686a3e6,2025-05-06,https://www.zbytb.com/s-zb-57330287.html,陕西,仅招标,招标,秦巴山区自然资源立体探则体系建设(2025年)支撑软硬件环境扩容服务采购更正公告(第一次)招标公告,陕西 » 西安市
BID-2025-05-06_8838415e-f015-4a67-9c6d-fad0a6ef04bd,2025-05-06,https://www.zbytb.com/s-zb-57330293.html,陕西,仅招标,招标,西安职业技术学院安保社会化服务外包更正公告,陕西 » 西安市
BID-2025-05-06_01a1dafc-128e-45b2-bef5-237a02ecc536,2025-05-06,https://www.zbytb.com/s-zb-57330157.html,陕西,仅招标,招标,西安高新技术产业开发区行政审批服务局高新自贸区(质监)管理事项专家评审服务外包项目竞争性磋商公告,陕西 » 西安市
BID-2025-05-06_6b68e30f-a798-4f5e-ae9c-4af0c2780058,2025-05-06,https://www.zbytb.com/s-zb-57330167.html,陕西,仅招标,招标,陕西省交通运输厅厅机关高铁建设管理咨询服务竞争性磋商公告,资质: 人力资源服务许可证
BID-2025-05-06_b3524f72-222b-47b4-8850-63d5d487ce74,2025-05-06,https://www.zbytb.com/s-zb-57330156.html,陕西,仅招标,招标,西安市高陵区水务局泾河入渭口大桥南侧广场维修养护项目竞争性磋商公告,陕西 » 西安市
BID-2025-05-06_19111db7-2d28-4c58-b55a-a7d78720287c,2025-05-06,https://www.zbytb.com/s-zb-57330196.html,陕西,仅招标,招标,澄城县民政局社会救助创新实践活动项目竞争性谈判公告,陕西 » 渭南市
BID-2025-05-06_e2772719-0009-4107-9014-0ae13d47a8b7,2025-05-06,https://www.zbytb.com/s-zb-57331885.html,陕西,仅招标,招标,泾河新城工业聚集区污水处理厂2025年液氧采购变更公告,陕西 » 西安市
BID-2025-05-06_db10cba9-8d20-479d-8b63-20d2b75f662b,2025-05-06,https://www.zbytb.com/s-zb-57333741.html,陕西,仅招标,招标,宁陕县农业林业和水利局宁陕县丹江口库区水土保持治理项目续建工程竞争性磋商公告,资质: 水利水电工程施工总承包三级
BID-2025-05-06_a3f31c22-8e20-46b9-b475-654fa047f7d1,2025-05-06,https://www.zbytb.com/s-zb-57333760.html,陕西,仅招标,招标,渭南市临渭区环境卫生管理中心中国塑料垃圾减量项目(陕西)临渭区子项目马家沟卫生填埋场封场工程监理项目竞争性磋商公告,资质: 工程监理综合资质
BID-2025-05-06_88bae5ea-7d4e-4342-a977-23dbca7ee9aa,2025-05-06,https://www.zbytb.com/s-zb-57333762.html,陕西,仅招标,招标,西安市儿童福利院安全技术托管服务竞争性磋商公告,陕西 » 西安市
BID-2025-05-06_830ea9ba-cca5-479a-8215-fa04fdb636bd,2025-05-06,https://www.zbytb.com/s-zb-57329197.html,陕西,仅招标,招标,张家堡片区城市公共空间更新与功能提升工程-道路微改造工程初步设计竞争性磋商公告,资质: 工程设计综合资质甲级
BID-2025-05-06_d79c264b-4f4a-4507-860a-36585f718d08,2025-05-06,https://www.zbytb.com/s-zb-57336018.html,陕西,仅招标,招标,大昌汗镇运动公园工程竞争性磋商公告,资质: 市政公用工程施工总承包三级
BID-2025-05-06_601a6904-d3c6-4ac5-b192-13bee30f6cfa,2025-05-06,https://www.zbytb.com/s-zb-57337751.html,陕西,仅招标,招标,西安市疾病预防控制中心办公实验大楼运转项目竞争性磋商公告,资质: 劳务派遣经营许可证
BID-2025-05-06_b5597703-18e0-4d69-9807-ed9fa767b29a,2025-05-06,https://www.zbytb.com/s-zb-57333744.html,陕西,仅招标,招标,2025年蒲村镇北庄营村股份经济合作社植保机械及配套设施项目采购公告,陕西 » 宝鸡市
BID-2025-05-06_073df2d0-b1a3-4d12-bb1a-005617c78aae,2025-05-06,https://www.zbytb.com/s-zb-57329548.html,陕西,仅招标,招标,中铁一局集团有限公司陕西榆林能源集团榆神榆横2x350MW热电联产工程铁路专用线(EPC)总承包项目自购物资招标采购(水泥)招标公告,项目报价: 13695元
BID-2025-05-06_2857dc9c-7586-4bd3-8757-ecd04d4e7707,2025-05-06,https://www.zbytb.com/s-zb-57328031.html,陕西,仅招标,招标,宝鸡市陈仓支公司营业职场续租的采前公示招标公告,项目报价: 4万元
BID-2025-05-06_facbf6d2-1771-4ab5-86a4-0c43647ae755,2025-05-06,https://www.zbytb.com/s-zb-57328834.html,陕西,仅招标,招标,长庆石油勘探局有限公司高延工业服务处2025年产业园道路维修招标公告,资质: 建筑工程施工总承包三级
BID-2025-05-06_09e6eb54-9a25-47a0-acfb-1360535013cd,2025-05-06,https://www.zbytb.com/s-zb-57333763.html,陕西,仅招标,招标,平利县市监局2025年度第二批食品安全抽检项目竞争性磋商公告,资质: 检验检测机构
BID-2025-05-06_d6103137-139b-41a7-8a69-60c897f77e77,2025-05-06,https://www.zbytb.com/s-zb-57342692.html,陕西,仅招标,招标,草堂校区教职工公寓电梯维保及限速器校验服务采购项目招标公告,项目报价: 56万元
BID-2025-05-06_e2e6f175-1410-4ccf-9865-e6a845083907,2025-05-06,https://www.zbytb.com/s-zb-57327699.html,陕西,仅招标,招标,西电西瓷铝粉尘防爆除尘器采购项目招标公告,陕西 » 西安市
BID-2025-05-06_c7decea6-454e-43d8-bf33-a72920b9cd9e,2025-05-06,https://www.zbytb.com/s-zb-57326093.html,陕西,仅招标,招标,中国二冶集团有限公司机械设备租赁中心机械设备租赁招标公告,陕西 » 咸阳市
BID-2025-05-06_33b92262-e4db-42f8-a92b-a56da3b44d77,2025-05-06,https://www.zbytb.com/s-zb-57330263.html,陕西,仅招标,招标,西安市临潼旅游商贸开发区管理委员会临潼区LT9-(55)-37号宗地考古发掘劳务服务工程竞争性磋商公告,陕西 » 西安市
BID-2025-05-06_4c228234-9af2-4618-86c8-e3fc15b39b5c,2025-05-06,https://www.zbytb.com/s-zb-57330132.html,陕西,仅招标,招标,汉滨区特殊困难老年人家庭适老化改造设施采购项目招标公告,陕西 » 安康市
BID-2025-05-06_cfbd1034-fb3a-42f1-8c16-d2a75c7cd10f,2025-05-06,https://www.zbytb.com/s-zb-57330275.html,陕西,仅招标,招标,西安市鄠邑区秦渡街道办事处秦渡街道村庄实用性规划编制项目竞争性磋商公告,资质: 城乡规划编制乙级
BID-2025-05-06_0ca03e5d-8703-40a2-9dbc-ea55b0115b29,2025-05-06,https://www.zbytb.com/s-zb-57320864.html,陕西,仅招标,招标,中节能环境启源装备伺服驱动、电机、电缆，模块，接近开关等电器元件采购公告,陕西 » 西安市
BID-2025-05-06_9c6fb1b3-b755-4d8c-8b77-c932662c68c2,2025-05-06,https://www.zbytb.com/s-zb-57333023.html,陕西,仅招标,招标,中盐榆林盐化有限公司中盐榆林冷凝水泵(离心泵)2025.5.6采购公告,陕西 » 榆林市
BID-2025-05-06_d5714afa-25f3-4919-9a1d-feaba4afb955,2025-05-06,https://www.zbytb.com/s-zb-57330228.html,陕西,仅招标,招标,中铁二十一局天津地铁8号线一期机电安装工程接触网专业分段绝缘器询价采购公告,项目报价: 1万元
BID-2025-05-06_0ffc016f-fc5d-4b61-937a-82edd03d1e5a,2025-05-06,https://www.zbytb.com/s-zb-57322465.html,陕西,仅招标,招标,长庆油田分公司陕北石油评价项目组2025年榆林区域建设项目考古调查、勘探技术服务项目采购公告,陕西 » 榆林市
BID-2025-05-06_f6be3c69-7e25-4f8d-a8c3-3ddba7403140,2025-05-06,https://www.zbytb.com/s-zb-57355495.html,陕西,仅招标,招标,十一建-第六工程公司-新能源汽车智能传动系统及中试基地建设项目EPC总承包-检测委托-服务外包任务招标公告,项目报价: 200万元
BID-2025-05-06_a2683ed9-96b6-4aa6-941f-b70607e53bce,2025-05-06,https://www.zbytb.com/s-zb-57355479.html,陕西,仅招标,招标,陕建十二建-市政路桥公司-国道316安康建民至恒口公路改建工程(高新段)项目箱梁吊装机械租赁任务招标公告,陕西 » 安康市
BID-2025-05-06_3794d6b1-5402-4108-acd6-1484302105e0,2025-05-06,https://www.zbytb.com/s-zb-57330124.html,陕西,仅招标,招标,安康市第一小学高新校区钢结构楼体安全鉴定服务采购项目竞争性磋商公告,资质: CMA
BID-2025-05-06_3940368f-da86-4736-817b-0188a94533b7,2025-05-06,https://www.zbytb.com/s-zb-57330147.html,陕西,仅招标,招标,陕西省自然资源服务保障中心厅机关综合服务保障项目竞争性磋商公告,资质: 食品经营许可证
BID-2025-05-06_8ef62e73-8e05-48a9-9c01-08e311ba66dd,2025-05-06,https://www.zbytb.com/s-zb-57330216.html,陕西,仅招标,招标,长青镇农村生活垃圾治理试点项目竞争性磋商公告,资质: 市政公用工程施工总承包三级
BID-2025-05-06_84f4d9f3-1659-4394-a9ad-57fd5e75fb56,2025-05-06,https://www.zbytb.com/s-zb-57330238.html,陕西,仅招标,招标,澄城县公安局“一窗通办”综合警务终端采购项目竞争性谈判公告,陕西
BID-2025-05-06_228eb03c-0a32-4a89-b32c-74ccee34a9b4,2025-05-06,https://www.zbytb.com/s-zb-57330235.html,陕西,仅招标,招标,曲江新区12345市民热线综合服务二级平台运维服务竞争性磋商公告,陕西 » 西安市
BID-2025-05-06_f9607879-0e66-4a14-b240-40a95df70935,2025-05-06,https://www.zbytb.com/s-zb-57330267.html,陕西,仅招标,招标,安康市城市基础设施生命线安全工程(一期)-安康市智慧工地竞争性磋商公告,陕西 » 安康市
BID-2025-05-06_7abb7dbb-ec6e-4ab4-93d8-d33e3b8febd9,2025-05-06,https://www.zbytb.com/s-zb-57330257.html,陕西,仅招标,招标,安康市汉滨区人民法院审判法庭办公家具采购项目招标公告,陕西 » 安康市
BID-2025-05-06_545364c5-9ef3-4ef3-b378-6ad3cff0d86a,2025-05-06,https://www.zbytb.com/s-zb-57330713.html,陕西,仅招标,招标,人保财险陕西绥德支公司2025年营业场所加固工程项目招标公告,项目报价: 50万元
BID-2025-05-06_4a09f982-f221-4b0c-b8f1-ce405085147b,2025-05-06,https://www.zbytb.com/s-zb-57319002.html,陕西,仅招标,招标,西安市自然资源和规划局长安分局基层所业务委托服务采购项目竞争性磋商公告,陕西 » 西安市
BID-2025-05-06_2b2eeef4-a0af-4513-958f-8ab261a5d9a9,2025-05-06,https://www.zbytb.com/s-zb-57316431.html,陕西,仅招标,招标,西安市市场监督管理局曲江新区分局2025年度食品安全检测项目竞争性磋商公告,资质: 检验检测机构
BID-2025-05-06_d3b954c3-0055-46e4-b237-2bd1af0ea16d,2025-05-06,https://www.zbytb.com/s-zb-57316410.html,陕西,仅招标,招标,中共佳县县委办公室佳县县委机关灶务后勤服务二次竞争性磋商公告,陕西 » 榆林市
BID-2025-05-06_350aefbc-3399-4e7f-bbac-b7002b69772d,2025-05-06,https://www.zbytb.com/s-zb-57316407.html,陕西,仅招标,招标,西安浐灞国际港宣传文体局西安浐灞国际港体育组织服务项目竞争性磋商公告,陕西 » 西安市
BID-2025-05-06_8f9b43d6-e139-4fb2-8f8b-6645051aa3f4,2025-05-06,https://www.zbytb.com/s-zb-57324271.html,陕西,仅招标,招标,亚行贷款黄河流域绿色农田建设和农业高质量发展项目南泥湾农田基础设施建设招标公告,资质: 水利水电工程施工总承包三级
BID-2025-05-06_d088a6a5-4dfb-4260-b25b-f072fd1d4afb,2025-05-06,https://www.zbytb.com/s-zb-57322754.html,陕西,仅招标,招标,中核四0四有限公司矿区环网柜维保服务采购公告,陕西 » 西安市
BID-2025-05-06_b1b1a13a-ebd8-4f14-97dd-246daf36614b,2025-05-06,https://www.zbytb.com/s-zb-57323142.html,陕西,仅招标,招标,合阳县水务局合阳县水土保持和河流防洪等五个规划编制项目竞争性磋商公告,陕西 » 西安市
BID-2025-05-06_3fa3cdc3-9299-4925-8658-bc6ab25c71f9,2025-05-06,https://www.zbytb.com/s-zb-57328311.html,陕西,仅招标,招标,西部新锆-2025年冷轧工模具性能提升技术服务采购公告,陕西 » 西安市
BID-2025-05-06_439ae4f2-81aa-4a58-915d-cc5d4fe37c1b,2025-05-06,https://www.zbytb.com/s-zb-57328902.html,陕西,仅招标,招标,西安市公安局机关食堂食材(肉类及水产品)采购项目招标公告,资质: CMA
BID-2025-05-06_7b04d951-132a-475c-bf9f-42f868022550,2025-05-06,https://www.zbytb.com/s-zb-57328905.html,陕西,仅招标,招标,西安市公安局机关食堂粮油采购项目招标公告,资质: CMA
BID-2025-05-06_fbfb229b-2676-46e4-b52f-de6e6058d9db,2025-05-06,https://www.zbytb.com/s-zb-57311050.html,陕西,仅招标,招标,乾县文化体育中心建设项目出入口配套工程招标公告,资质: 市政公用工程施工总承包三级
BID-2025-05-06_16f2f589-1c41-47d0-8967-5d6cc31bdcc9,2025-05-06,https://www.zbytb.com/s-zb-57309140.html,陕西,仅招标,招标,安康市镇坪县生活垃圾无害化处理站项目设计招标公告,资质: 工程设计综合资质甲级
BID-2025-05-06_bacaee02-e97f-400f-b3a0-32b3c5e9fd92,2025-05-06,https://www.zbytb.com/s-zb-57329071.html,陕西,仅招标,招标,中铁六局集团西渝高铁康渝段站前工程四标碎石招标采购公告(3号站、4号站)招标公告,资质: CMA
BID-2025-05-06_1cc7f518-60fa-4443-be5e-93afc1936795,2025-05-06,https://www.zbytb.com/s-zb-57333350.html,陕西,仅招标,招标,全国放射性物品运输信息化管理平台建设采购公告,资质: CNAS
BID-2025-05-06_73624f45-d4e0-457c-8e9f-69f3f1e01b63,2025-05-06,https://www.zbytb.com/s-zb-57334326.html,陕西,仅招标,招标,西安研究院HYSK三维模型构建项目采购公告,陕西 » 西安市
BID-2025-05-06_afe2d763-6cb1-4b61-994c-6848be98f67d,2025-05-06,https://www.zbytb.com/s-zb-57333747.html,陕西,仅招标,招标,西安体育中心城运公园室外配电柜、电子屏更新竞争性谈判公告,资质: 电力工程施工总承包二级
BID-2025-05-06_943d8f78-df5d-4a1c-ab94-cba104e1fddf,2025-05-06,https://www.zbytb.com/s-zb-57328923.html,陕西,仅招标,招标,天然气销售公司宁强多能互补智慧能源项目社会稳定风险评估二次招标公告,项目报价: 4163万元
BID-2025-05-06_97ffa1b3-a9bc-44e5-b488-7857054b63e1,2025-05-06,https://www.zbytb.com/s-zb-57330229.html,陕西,仅招标,招标,绥德县广播电视转播台绥德县应急广播系统升级及扩容建设项目采购公告,项目报价: 112万元
BID-2025-05-06_e0e8d290-f3f2-485c-a4cd-5b6e3305f1ce,2025-05-06,https://www.zbytb.com/s-zb-57330142.html,陕西,仅招标,招标,宁陕县住房和城乡建设局宁陕县老旧小区改造(松下小区)基础设施配套提升改造项目一期竞争性磋商公告,资质: 市政公用工程施工总承包三级
BID-2025-05-06_a5f8232c-d4ca-48e4-bacd-ac0f597f5024,2025-05-06,https://www.zbytb.com/s-zb-57328707.html,陕西,仅招标,招标,长庆油田分公司2025-2027年固体阻垢器定商定价采购招标公告,项目报价: 550万元
BID-2025-05-06_1c11318b-db9a-4a67-adcc-9e55cb0cf747,2025-05-06,https://www.zbytb.com/s-zb-57315382.html,陕西,仅招标,招标,许继集团数字电力陕西青豫线项目用模拟覆冰在线监测装置采购公告,项目报价: 80万元
BID-2025-05-06_118b8651-e560-4fcd-86e9-efc5921c35df,2025-05-06,https://www.zbytb.com/s-zb-57337242.html,陕西,仅招标,招标,中国邮政储蓄银行股份有限公司渭南市分行全市消防设施维护保养项目招标公告,项目报价: 20万元
BID-2025-05-06_a4d7acfa-134d-4b77-914b-2b2f33c634c3,2025-05-06,https://www.zbytb.com/s-zb-57336017.html,陕西,仅招标,招标,西安经济技术开发区审计局2025年审计服务采购项目竞争性磋商公告,陕西 » 西安市
BID-2025-05-06_57751c00-588d-477f-8e91-206afeb42123,2025-05-06,https://www.zbytb.com/s-zb-57336014.html,陕西,仅招标,招标,陕西省西咸新区沣东新城市政园林配套中心沣东新城广场东环路(广场南环路-沣明路)等六条道路市政综合工程监理项目竞争性磋商公告,资质: 工程监理综合资质
BID-2025-05-06_57f6ff22-5697-4245-9114-07a4101c8dd3,2025-05-06,https://www.zbytb.com/s-zb-57333734.html,陕西,仅招标,招标,西安高新技术产业开发区工业和信息化局“十五五”西安高新区专项产业研究项目竞争性磋商公告,陕西 » 西安市
BID-2025-05-06_07076cf5-0dc4-4694-91c9-437f590b19cd,2025-05-06,https://www.zbytb.com/s-zb-57333758.html,陕西,仅招标,招标,韩城市城区市政道路照明工程(二期)招标公告,资质: 市政公用工程施工总承包三级
BID-2025-05-06_94cf760a-026d-4567-a783-a91ff2318f50,2025-05-06,https://www.zbytb.com/s-zb-57335751.html,陕西,仅招标,招标,﻿陕西华山工程机械有限公司发电分公司综合管廊架供汽汽源改造项目招标公告,资质: CMA
BID-2025-05-06_7748754e-f2bd-45d2-b434-dd6f102954e6,2025-05-06,https://www.zbytb.com/s-zb-57325693.html,陕西,仅招标,招标,中国邮政陕西省物流业务分公司拼多多大件运输配送项目招标公告,资质: 道路运输经营许可证
BID-2025-05-06_d04f1eea-e78b-4bef-b770-b60bfb815196,2025-05-06,https://www.zbytb.com/s-zb-57326183.html,陕西,仅招标,招标,中冶建工西北分公司崇文佳苑十一期安置房项目EPC工程总承包北区标段项目招标代理服务询价,陕西 » 咸阳市
BID-2025-05-06_4ee0e622-4ee7-4552-a6f3-5cb0658581be,2025-05-06,https://www.zbytb.com/s-zb-57330170.html,陕西,仅招标,招标,西安市三民村垃圾处理中转站大型垃圾运输车辆燃油项目二次招标公告,陕西 » 西安市
BID-2025-05-06_1e8ea8a3-d4ff-4b60-91a7-f76eaa665b19,2025-05-06,https://www.zbytb.com/s-zb-57320898.html,陕西,仅招标,招标,中节能(沣西)生态环保有限公司2025年物业及保洁服务(二次公告)采购公告,陕西
BID-2025-05-06_807779b2-8efb-45ad-b76f-3e1ad8e50533,2025-05-06,https://www.zbytb.com/s-zb-57330129.html,陕西,仅招标,招标,镇坪县曾家镇洪阳村洪阳沟大桥施工图设计二次竞争性磋商公告,陕西 » 安康市
BID-2025-05-06_f86dff61-92d5-4415-a93f-6dd3d1d128cb,2025-05-06,https://www.zbytb.com/s-zb-57314452.html,陕西,仅招标,招标,天津东疆瞰海轩7号楼维修改造工程1标段施工招标公告,资质: 建筑装修装饰工程专业承包二级
BID-2025-05-06_aa4b9711-3da8-48cf-bdcd-5d14357dfa97,2025-05-06,https://www.zbytb.com/s-zb-57323148.html,陕西,仅招标,招标,陕西省图书馆(陕西省古籍保护中心)2025年度全国智慧图书馆体系建设项目—古籍数字化整理加工竞争性磋商公告,陕西 » 西安市
BID-2025-05-06_b85f046d-5e24-4296-8c7d-004df4937aa6,2025-05-06,https://www.zbytb.com/s-zb-57330203.html,陕西,仅招标,招标,陕西省高速公路收费中心12122热线运行维护竞争性磋商公告,陕西 » 西安市
BID-2025-05-06_ab5f2f45-0cd0-4771-864d-dda0efb49a37,2025-05-06,https://www.zbytb.com/s-zb-57309144.html,陕西,仅招标,招标,西安浐灞国际港市委党校迁建项目东侧规划路道路及配套管线工程EPC二次资格预审公告,资质: 市政公用工程施工总承包一级
BID-2025-05-06_1a00a335-b277-43b1-af68-f303961a26c7,2025-05-06,https://www.zbytb.com/s-zb-57355470.html,陕西,仅招标,招标,渭南市临渭区前进路中学综合楼建设项目弱电工程专业分包任务招标公告,陕西 » 渭南市
BID-2025-05-06_2faa305b-63a6-4dbe-845b-7e9801b250f9,2025-05-06,https://www.zbytb.com/s-zb-57330249.html,陕西,仅招标,招标,清涧县工业园区管理委员会清涧县引黄供水工程进场道路项目设计服务招标公告,陕西 » 榆林市
BID-2025-05-06_9f4eaae2-c8a4-4f67-b312-6563c5159464,2025-05-06,https://www.zbytb.com/s-zb-57314704.html,陕西,仅招标,招标,西安研究院外管动力头总装采购重新招标重新招标项目公告,陕西 » 西安市
BID-2025-05-06_e1ca75c0-00d3-4b9f-87fa-13733bf76733,2025-05-06,https://www.zbytb.com/s-zb-57316428.html,陕西,仅招标,招标,西咸新区文物局沣东新城分局沣东考古基地安保服务项目竞争性磋商公告,陕西 » 西安市
BID-2025-05-06_a0f4658d-9785-45f0-8453-fc39923a4729,2025-05-06,https://www.zbytb.com/s-zb-57316413.html,陕西,仅招标,招标,农机引进推广项目.竞争性谈判公告,陕西 » 宝鸡市
BID-2025-05-06_e33f6d47-2e12-49bf-bd06-b8471d84ec48,2025-05-06,https://www.zbytb.com/s-zb-57315725.html,陕西,仅招标,招标,工S25102-1465-西安港务招商揽阅鸿著项目大区智能化工程-户内报警设备及电子围栏设备直接采购招标公告,陕西 » 西安市
BID-2025-05-06_31f7655a-6b85-4f82-97fb-8f985b0c53f9,2025-05-06,https://www.zbytb.com/s-zb-57315719.html,陕西,仅招标,招标,工S25103-1464-西安港务招商揽阅天成项目大区智能化工程-户内报警设备及电子围栏设备直接采购招标公告,陕西 » 西安市
BID-2025-05-06_a659b686-b9a1-403e-9ebb-ef07a2b67ea4,2025-05-06,https://www.zbytb.com/s-zb-57315717.html,陕西,仅招标,招标,工S25100-1458-西安招商天青云墨小区智能化工程-户内报警设备及电子围栏设备直接采购招标公告,陕西 » 西安市
BID-2025-05-06_c90225c3-e1dc-4821-844a-6db874cd27b9,2025-05-06,https://www.zbytb.com/s-zb-57316532.html,陕西,仅招标,招标,宁煤公司-各矿-三机电液控系统配件-202504-SZF招标公告,陕西 » 西安市
BID-2025-05-06_b05c9dd8-7862-4525-ae46-131e80f7bc62,2025-05-06,https://www.zbytb.com/s-zb-57323138.html,陕西,仅招标,招标,富平县公安局(本级)富平县公安局网络数据分析服务采购项目招标公告,陕西 » 渭南市
BID-2025-05-06_ac11c555-31c1-43fa-8ece-101a4588d6db,2025-05-06,https://www.zbytb.com/s-zb-57330243.html,陕西,仅招标,招标,澄城县民政局分散特困人员探访关爱服务项目竞争性谈判公告,陕西 » 渭南市
BID-2025-05-06_f0c50aae-b5f0-4dcd-ac94-135890c215b6,2025-05-06,https://www.zbytb.com/s-zb-57332175.html,陕西,仅招标,招标,临夏县榆林乡折双路沿线污水收集项目资格预审公告,资质: 市政公用工程施工总承包三级
BID-2025-05-06_ba82deb0-bb3c-4c1a-ad9f-daf8ac7a51a7,2025-05-06,https://www.zbytb.com/s-zb-57329210.html,陕西,仅招标,招标,西康高铁(红线内)公网覆盖施工服务项目劳务分包招标公告,项目报价: 4343万元
BID-2025-05-06_dbd9d968-1f31-4f50-b2c9-82eb2006f011,2025-05-06,https://www.zbytb.com/s-zb-57330140.html,陕西,仅招标,招标,绥德县张家砭镇人民政府关于绥德县郝家桥村设施农业信息化配套设备项目二次招标公告,陕西 » 榆林市
BID-2025-05-06_268fed5f-e660-4bd8-87bb-254f8d02c564,2025-05-06,https://www.zbytb.com/s-zb-57330177.html,陕西,仅招标,招标,绥德县污水处理厂水质检测服务采购竞争性谈判公告,资质: 检验检测机构
BID-2025-05-06_c5535c93-56a3-4d13-bf9d-a37133b5c3e0,2025-05-06,https://www.zbytb.com/s-zb-57330187.html,陕西,仅招标,招标,陕西省高速公路收费中心12122热线功能升级竞争性磋商公告,陕西 » 西安市
BID-2025-05-06_743da66c-5d9e-45f6-8b9d-c5e7e6dd6081,2025-05-06,https://www.zbytb.com/s-zb-57330290.html,陕西,仅招标,招标,汉滨区江北办江北九年制学校江北办幼儿园政府购买服务项目采购更正公告(第一次)招标公告,陕西 » 安康市
BID-2025-05-06_240dfca5-f9a5-405d-afc2-c0ba4d98e047,2025-05-06,https://www.zbytb.com/s-zb-57329444.html,陕西,仅招标,招标,西电新能源云南姚安远信储能场区及220kV升压站安装调试工程、深州风机及箱变基础一期、二期施工采购项目XDGY-4701-2025-0029变更公告,陕西 » 西安市
BID-2025-05-06_f9acb17a-e4bb-4c9f-9d41-32560e75a7f6,2025-05-06,https://www.zbytb.com/s-zb-57343726.html,陕西,仅招标,招标,中铁一局集团有限公司第三工程分公司乐业至望谟高速公路总承包№2合同段项目集料加工工程施工劳务招标公告,项目报价: 855万元
BID-2025-05-06_54524098-13c2-4de0-85de-c6126b9a678e,2025-05-06,https://www.zbytb.com/s-zb-57335752.html,陕西,仅招标,招标,﻿智能超声波水表二次谈判公告,资质: CMA
BID-2025-05-06_8ce9a6d3-674b-4aeb-ad82-df854980461f,2025-05-06,https://www.zbytb.com/s-zb-57333750.html,陕西,仅招标,招标,西安浐灞国际港党政办公室2025-2027管委会机关餐饮服务第一批项目(市场监管局及政务大厅等部门)招标公告,资质: 食品经营许可证
BID-2025-05-06_fac42a79-90e3-4943-ab5c-afdc2e037c4f,2025-05-06,https://www.zbytb.com/s-zb-57337750.html,陕西,仅招标,招标,平利县档案馆安全体系建设项目竞争性磋商公告,陕西 » 安康市
BID-2025-05-06_72af516d-cd41-4157-afba-d606c0074271,2025-05-06,https://www.zbytb.com/s-zb-57331494.html,陕西,仅招标,招标,吴起县成子湾城市公益性公墓建设项目(一期)招标公告,资质: 建筑工程施工总承包三级
BID-2025-05-06_5b7fa93e-9a77-48b4-8d93-223b92f3c0cc,2025-05-06,https://www.zbytb.com/s-zb-57325759.html,陕西,仅招标,招标,中国二冶中煤榆林煤炭深加工基地项目Spherizone聚丙烯装置外管廊15a~55轴钢结构施工劳务分包,资质: 施工劳务不分等级
BID-2025-05-06_ba4a8e33-d95d-486b-bfc2-c35468651654,2025-05-06,https://www.zbytb.com/s-zb-57329305.html,陕西,仅招标,招标,工程类中国电建西北院陕投200兆瓦尧禾、雷牙光伏发电项目35KV集电线路土建及安装工程3标段专业分包竞争性谈判公告,陕西 » 渭南市
BID-2025-05-06_379c22a4-14bc-4198-ac0f-e84fbfa9652b,2025-05-06,https://www.zbytb.com/s-zb-57333768.html,陕西,仅招标,招标,榆林市第五医院专科设备货物采购项目二次招标公告,陕西 » 榆林市
BID-2025-05-06_317dd256-74ba-4340-9a14-f4f599ab44ea,2025-05-06,https://www.zbytb.com/s-zb-57334324.html,陕西,仅招标,招标,GJW煤矿InSAR形变监测服务项目询价采购公告,陕西 » 西安市
BID-2025-05-06_f03b008c-d608-45de-bc9f-4dddda004c3b,2025-05-06,https://www.zbytb.com/s-zb-57331872.html,陕西,仅招标,招标,西咸新区秦汉置业管理有限公司2025年保障房项目秩序维护服务外包项目一标段二次招标公告,陕西 » 西安市
BID-2025-05-06_02051d0d-1c2e-4503-bbb8-033cf115b7ca,2025-05-06,https://www.zbytb.com/s-zb-57328004.html,陕西,仅招标,招标,重晶石粉储罐等物资采购二次竞争性谈判公告,陕西 » 西安市
BID-2025-05-06_2f0a6534-36e5-452b-9d45-24f385149469,2025-05-06,https://www.zbytb.com/s-zb-57325915.html,陕西,仅招标,招标,25M018丝网除沫器采购公告,陕西 » 西安市
BID-2025-05-06_59ed5961-d3d5-40f5-9cd5-e442ef424e67,2025-05-06,https://www.zbytb.com/s-zb-57323138.html,陕西,仅招标,招标,富平县公安局(本级)富平县公安局网络数据分析服务采购项目招标公告,陕西 » 渭南市
BID-2025-05-06_e415639c-8d07-4379-8905-cdc63524d43c,2025-05-06,https://www.zbytb.com/s-zb-57330200.html,陕西,仅招标,招标,陕西省高速公路收费中心省级视频云联网监测系统公有云资源及传输网络租用(2025-2026年度)竞争性磋商公告,陕西 » 西安市
BID-2025-05-06_75568dec-c637-4a7f-ab84-bc98d4227ae1,2025-05-06,https://www.zbytb.com/s-zb-57330182.html,陕西,仅招标,招标,陕西省高速公路收费中心云上应用与服务平台维护竞争性磋商公告,陕西 » 西安市
BID-2025-05-06_4b57176e-b701-409d-b418-0680551113a5,2025-05-06,https://www.zbytb.com/s-zb-57328732.html,陕西,仅招标,招标,长庆油田分公司第一采气厂2025年工况配件一批(一)采购(带量)招标公告,项目报价: 266万元
BID-2025-05-06_241645a6-e543-4653-a464-0632de192baf,2025-05-06,https://www.zbytb.com/s-zb-57340050.html,陕西,仅招标,招标,长庆油田(榆林)油气有限公司2025年动静密封点泄漏检测技术服务项目标段01招标公告,陕西 » 榆林市
BID-2025-05-06_2e697274-69d0-452d-9db2-9f92314148ca,2025-05-06,https://www.zbytb.com/s-zb-57338726.html,陕西,仅招标,招标,延安能源产业服务项目零星材料采购公告,陕西 » 延安市
BID-2025-05-06_a01f9df2-a27e-4ac9-a283-72734ae86165,2025-05-06,https://www.zbytb.com/s-zb-57355487.html,陕西,仅招标,招标,工程三部安装分公司8英寸高性能特色工艺半导体芯片生产线项目(安装)电线电缆采购任务招标公告,陕西 » 西安市
BID-2025-05-06_c8daa47f-de50-4db9-9bbd-0ab28aba3f0d,2025-05-06,https://www.zbytb.com/s-zb-57320893.html,陕西,仅招标,招标,中节能环境启源装备气管，接线端子端帽，型材等电气元件采购公告,陕西 » 西安市
BID-2025-05-05_c043826e-29c6-4c0a-8ce5-f5ed7b03ca61,2025-05-05,https://www.zbytb.com/s-zb-57309038.html,陕西,仅招标,招标,小庄煤矿隐蔽致灾因素普查项目招标公告,陕西 » 咸阳市
BID-2025-05-05_5b4a0154-2674-4a5b-a82a-e0641f5faccc,2025-05-05,https://www.zbytb.com/s-zb-57308833.html,陕西,仅招标,招标,中铁二十局集团有限公司西延铁路项目XYZQ-15标段项目经理部招标采购河砂招标采购公告,项目报价: 2000万元
BID-2025-05-05_2c79efe6-ffb6-4b1c-bab0-7b08cfe3e493,2025-05-05,https://www.zbytb.com/s-zb-57308893.html,陕西,仅招标,招标,4号楼4楼改造装修项目的竞争性磋商公告,资质: 建筑工程施工总承包
BID-2025-05-05_2b5ea72d-0ae9-4f33-8e09-201c8441817e,2025-05-05,https://www.zbytb.com/s-zb-57308891.html,陕西,仅招标,招标,5号楼礼堂照明和舞台灯光系统更新项目的竞争性磋商公告,资质: 城市及道路照明工程专业承包
BID-2025-05-05_76ebb563-67e4-4ea9-9b6a-e2cb2961aa01,2025-05-05,https://www.zbytb.com/s-zb-57312268.html,陕西,仅招标,招标,西电一公司电气热控试验检测设备采购公告,陕西 » 渭南市
BID-2025-05-05_e56e1fdb-0c2d-4d00-92b9-4a982affb3e8,2025-05-05,https://www.zbytb.com/s-zb-57338104.html,陕西,仅招标,招标,陕西区域粉煤灰/湿粉煤灰竞争性谈判公告,陕西 » 铜川市
BID-2025-05-05_26c36121-874f-4f63-816f-4b1109ddaabc,2025-05-05,https://www.zbytb.com/s-zb-57307509.html,陕西,仅招标,招标,中铁城建集团第一工程有限公司物资(配电箱)采购招标公告,陕西 » 西安市
BID-2025-05-05_8d81c774-98f7-4b97-851f-3f38337ad2d3,2025-05-05,https://www.zbytb.com/s-zb-57307616.html,陕西,仅招标,招标,西安市长安区镇街污水处理厂药剂采购项目变更公告,陕西 » 西安市
BID-2025-05-05_d40969e8-30f5-422a-ac2b-b02cb94400e6,2025-05-05,https://www.zbytb.com/s-zb-57309780.html,陕西,仅招标,招标,华润陕西延安新区为民服务中心充电站广告公示栏采购及安装变更公告,陕西 » 延安市
BID-2025-05-05_006895f9-d373-4a23-8078-389ef65811fd,2025-05-05,https://www.zbytb.com/s-zb-57307383.html,陕西,仅招标,招标,西北区域热量表集采竞谈公告,陕西 » 西安市
BID-2025-05-05_be54d2e2-3227-4d03-b81e-64a005a6304e,2025-05-05,https://www.zbytb.com/s-zb-57306780.html,陕西,仅招标,招标,2025年图斑建筑垃圾清运费二次竞争性谈判公告,陕西 » 榆林市
BID-2025-05-05_b6f9ae0d-f47a-4c46-bb3a-569ea9cc36f5,2025-05-05,https://www.zbytb.com/s-zb-57308983.html,陕西,仅招标,招标,陕北困难立地植被恢复关键技术示范造林服务项目竞争性谈判公告,陕西 » 榆林市
BID-2025-05-05_454f97c4-1eeb-4ac3-b304-6542f113c5e1,2025-05-05,https://www.zbytb.com/s-zb-57308858.html,陕西,仅招标,招标,渭南市临渭区环境卫生管理中心-临渭区城镇垃圾收集处理设施建设项目6个新建转运站土地勘测定界及用地组卷技术服务项目竞争性磋商公告,陕西 » 渭南市
BID-2025-05-05_14f86c4c-adea-46dd-8f97-1b99e20c0006,2025-05-05,https://www.zbytb.com/s-zb-57308862.html,陕西,仅招标,招标,合阳县住房和城乡建设局-合阳县金水沟支沟(梨树沟)水环境综合治理项目污水处理一体化设备采购招标公告,陕西 » 渭南市
BID-2025-05-05_4590ed87-5567-4c32-a369-8ba8a55d04ee,2025-05-05,https://www.zbytb.com/s-zb-57308987.html,陕西,仅招标,招标,榆林市榆阳区小纪汗林场2025年榆阳区包西铁路沿线牛家梁段(半固定沙地)治理项目苗木采购竞争性谈判公告,陕西 » 榆林市
BID-2025-05-05_7d73b272-252b-4361-a134-2a17c1dc22da,2025-05-05,https://www.zbytb.com/s-zb-57308534.html,陕西,仅招标,招标,西安市气象局西安市气象数值预报计算服务项目竞争性磋商公告,陕西 » 西安市
BID-2025-05-05_4542682c-1c81-49dc-9eb9-2f6071aa8181,2025-05-05,https://www.zbytb.com/s-zb-57308541.html,陕西,仅招标,招标,铜川市王益区住房和城乡建设局铜川市王益区城市环卫保洁和市政园林绿化管护政府购买服务项目招标公告,项目报价: 1826万元
BID-2025-05-05_5ba6fa34-a488-49d9-9aa8-03e49b348757,2025-05-05,https://www.zbytb.com/s-zb-57307588.html,陕西,仅招标,招标,西安沣东建筑工程有限公司2025-2026年度绿化养护服务项目招标公告,陕西 » 西安市
BID-2025-05-05_78763617-1a9d-4bb3-b5e8-e0795b4d1796,2025-05-05,https://www.zbytb.com/s-zb-57308989.html,陕西,仅招标,招标,榆林市商务局关于消费大礼包活动购买服务项目招标公告,陕西 » 榆林市
BID-2025-05-05_2ea73b91-45ca-4793-87da-6a73187f135b,2025-05-05,https://www.zbytb.com/s-zb-57307398.html,陕西,仅招标,招标,秦岭终南山世界地质公园管理中心秦岭终南山世界地质公园标识牌制作安装(翠华山朱雀华清宫景区)竞争性磋商公告,陕西 » 西安市
BID-2025-05-05_f3e92084-049d-4e76-92ba-912813b661ee,2025-05-05,https://www.zbytb.com/s-zb-57308531.html,陕西,仅招标,招标,渭南市临渭区人民街道办事处-人民办沋西社区党群服务中心项目竞争性磋商公告,资质: 建筑工程施工总承包三级
BID-2025-05-05_2f03beb0-fa79-4110-b8db-19b31cc985d9,2025-05-05,https://www.zbytb.com/s-zb-57308537.html,陕西,仅招标,招标,西安市新城区人民法院153新城法院电子卷宗随案同步生成项目竞争性磋商公告,陕西 » 西安市
BID-2025-05-05_9abede28-dad9-4796-b18e-f69a1b6bbc84,2025-05-05,https://www.zbytb.com/s-zb-57308539.html,陕西,仅招标,招标,西安市博览事务中心西安会展博览视频媒体宣传及信息发布二次竞争性磋商公告,陕西 » 西安市
BID-2025-05-05_85df3aa0-a211-4130-974e-acc194099484,2025-05-05,https://www.zbytb.com/s-zb-57308985.html,陕西,仅招标,招标,神木市孙家岔镇店红路至西站物流园区道路工程监理费竞争性磋商公告,资质: 公路工程监理乙级
BID-2025-05-05_81b8621c-9371-4593-be24-78b38f8c2e08,2025-05-05,https://www.zbytb.com/s-zb-57308853.html,陕西,仅招标,招标,市委党校新校区配套工程监理服务竞争性谈判公告,资质: 工程监理综合资质
BID-2025-05-05_c2cf8c32-61a1-4c26-aa8c-5021ed38e6a9,2025-05-05,https://www.zbytb.com/s-zb-57308659.html,陕西,仅招标,招标,宝鸡保德利电气设备有限责任公司电动液压泵采购招标公告,资质: CNAS
BID-2025-05-05_66cd91de-4385-4a58-a59e-6a7c8a575b72,2025-05-05,https://www.zbytb.com/s-zb-57307752.html,陕西,仅招标,招标,榆林市商务局关于市级冻猪肉储备租赁服务项目招标公告,资质: 食品经营许可证
BID-2025-05-05_51a42b55-cbbc-4ec9-a502-0cb604caffcc,2025-05-05,https://www.zbytb.com/s-zb-57308981.html,陕西,仅招标,招标,官元镇2025年度镇村环卫及公用事业管理项目竞争性磋商公告,陕西 » 安康市
BID-2025-05-05_c0ce0ce8-df75-4432-b787-8600aab21b7f,2025-05-05,https://www.zbytb.com/s-zb-57308854.html,陕西,仅招标,招标,澄城县尧头镇人民政府2025年澄城县尧头镇蔺庄河村村标准化生猪养殖产业圈舍建设项目竞争性磋商公告,资质: 建筑工程施工总承包三级
BID-2025-05-05_08a504c4-03a6-4d50-828d-d144dbac614a,2025-05-05,https://www.zbytb.com/s-zb-57308990.html,陕西,仅招标,招标,定边县文化和旅游文物广电局关于戏曲进乡村-惠民演出项目竞争性磋商公告,陕西 » 榆林市
BID-2025-05-05_e1a27ab2-6e2d-4414-9ecc-3b598daf074c,2025-05-05,https://www.zbytb.com/s-zb-57309079.html,陕西,仅招标,招标,石泉县文化和旅游广电局2025年石泉县文旅系列活动文艺演出服务项目.招标公告,陕西 » 安康市
BID-2025-05-05_9f21a6e7-380b-4670-9879-d0921d771d74,2025-05-05,https://www.zbytb.com/s-zb-57308982.html,陕西,仅招标,招标,国家重点野生动植物保护(古树名木保护)项目竞争性谈判公告,陕西 » 榆林市
BID-2025-05-05_8689eccc-76ec-4eb6-9287-b8c705dcbb79,2025-05-05,https://www.zbytb.com/s-zb-57309078.html,陕西,仅招标,招标,2025年清涧县建成区病媒生物防制服务采购项目竞争性磋商公告,陕西 » 榆林市
BID-2025-05-05_be39fcd5-83e8-4fb2-b77b-3448b93338d0,2025-05-05,https://www.zbytb.com/s-zb-57308984.html,陕西,仅招标,招标,榆林科创新城建设管理委员会榆林科创新城市政绿化养护和公园管理服务的采购招标公告,陕西 » 榆林市
BID-2025-05-05_d6b37519-9746-4c41-b3cb-fb63b80e9244,2025-05-05,https://www.zbytb.com/s-zb-57308863.html,陕西,仅招标,招标,渭南高新技术产业开发区财政局高新区美丽乡村建设项目结算审核服务竞争性磋商公告,陕西 » 渭南市
BID-2025-05-05_0cddd66b-7ef2-43e6-a487-43501513d564,2025-05-05,https://www.zbytb.com/s-zb-57308860.html,陕西,仅招标,招标,渭南市临渭区环境卫生管理中心-渭南市临渭区再生资源分拣回收智慧一体化体系建设项目马家沟分拣中心用地预审与选址意见书技术服务项目竞争性磋商公告,陕西 » 渭南市
BID-2025-05-05_e5b264e7-b6f6-453b-85e1-a8a86ec50d37,2025-05-05,https://www.zbytb.com/s-zb-57308857.html,陕西,仅招标,招标,渭南市临渭区水务局-临渭区阳郭镇三官庙供水工程规范化改造项目竞争性磋商公告,资质: 水利水电工程施工总承包三级
BID-2025-05-05_13305883-9cbe-4500-92e2-aa6e201a91b1,2025-05-05,https://www.zbytb.com/s-zb-57308855.html,陕西,仅招标,招标,渭南市铁路自立中学-云电脑及宽带服务项目竞争性磋商公告,陕西 » 渭南市
BID-2025-05-05_02245408-3b7a-4bbe-8d91-ac1cba5c59ae,2025-05-05,https://www.zbytb.com/s-zb-57307399.html,陕西,仅招标,招标,铜川市新区再生水管网建设工程一期长虹南路供水点工程竞争性磋商公告,资质: 市政公用工程施工总承包三级
BID-2025-05-05_5d2f32ed-029d-4040-a35c-2b4d64312cf4,2025-05-05,https://www.zbytb.com/s-zb-57307748.html,陕西,仅招标,招标,宁陕县菜梅路K70+800处高边坡坍塌安全隐患应急处置(一期)竞争性磋商公告,资质: 公路工程施工总承包三级
BID-2025-05-05_2474027b-7b65-4fdd-bc7c-adb209dd98ab,2025-05-05,https://www.zbytb.com/s-zb-57309076.html,陕西,仅招标,招标,定边县人民医院关于新院区采购口腔科设施设备项目竞争性谈判公告,陕西 » 榆林市
BID-2025-05-05_f288af55-e8e4-47a3-b5ab-934392694867,2025-05-05,https://www.zbytb.com/s-zb-57308992.html,陕西,仅招标,招标,陕西省西咸新区党群工作部2025年端午节职工慰问品采购招标公告,资质: 食品经营许可证
BID-2025-05-05_3be715d8-7c69-45f6-9138-4b92c111f78f,2025-05-05,https://www.zbytb.com/s-zb-57308543.html,陕西,仅招标,招标,旬阳市人民医院病案数字化翻拍服务竞争性磋商公告,陕西
BID-2025-05-05_ca188f47-262b-4049-8711-696f002fe346,2025-05-05,https://www.zbytb.com/s-zb-57308529.html,陕西,仅招标,招标,靖边县第十五小计算机教室设施设备采购项目竞争性谈判公告,陕西 » 榆林市
BID-2025-05-05_78ef4f1a-bb1b-4fd7-abdc-df7ceb57e1f1,2025-05-05,https://www.zbytb.com/s-zb-57309077.html,陕西,仅招标,招标,2025年府谷县病媒生物防制项目竞争性谈判公告,陕西 » 榆林市
BID-2025-05-05_f0d1c9c6-3046-4a0c-bc32-4ea19b65a22f,2025-05-05,https://www.zbytb.com/s-zb-57308527.html,陕西,仅招标,招标,铜川新材料产业园区管理委员会铜川新材料产业园区“标准地”区域性地震安全性评价报告二次竞争性磋商公告,陕西 » 铜川市
BID-2025-05-05_ddd65b50-12e5-4588-a097-5ba7100339d1,2025-05-05,https://www.zbytb.com/s-zb-57307750.html,陕西,仅招标,招标,宁陕县筒车湾小学路口涵洞工程竞争性磋商公告,资质: 公路工程施工总承包三级
BID-2025-05-05_fb8c0dbe-0c46-4e2c-be48-f374739da2fc,2025-05-05,https://www.zbytb.com/s-zb-57308852.html,陕西,仅招标,招标,陕西省档案馆数字档案馆系统2025年网络安全等级保护测评项目招标公告,陕西 » 西安市
BID-2025-05-05_5d6fb865-3ec5-4bc9-9fd1-c98b0f110694,2025-05-05,https://www.zbytb.com/s-zb-57308986.html,陕西,仅招标,招标,神木市2025年高家堡镇凉水井村樱桃采摘园区改造及新建大棚项目竞争性磋商公告,资质: 市政公用工程施工总承包三级
BID-2025-05-05_a3e3f466-5221-4e1b-8a08-5acfd2e576a5,2025-05-05,https://www.zbytb.com/s-zb-57308988.html,陕西,仅招标,招标,神木市2025年尔林兔镇西葫芦素村马场及附属设施建设项目竞争性磋商公告,资质: 市政公用工程施工总承包三级
BID-2025-05-05_0bdd9a32-d3e8-4830-87cc-ad9f9640b244,2025-05-05,https://www.zbytb.com/s-zb-57307755.html,陕西,仅招标,招标,周至县2024年特殊困难老年人居家适老化改造项目竞争性磋商公告,陕西 » 西安市
BID-2025-05-05_012760a1-bc8c-4689-83ce-2a495f8a8148,2025-05-05,https://www.zbytb.com/s-zb-57306778.html,陕西,仅招标,招标,丝博会专题活动费用竞争性谈判公告,陕西 » 榆林市
BID-2025-05-05_2adfe652-4839-4f20-8b2e-124cc56daba2,2025-05-05,https://www.zbytb.com/s-zb-57309075.html,陕西,仅招标,招标,渭南市商务局第九届丝博会陕菜美食文化交流活动-渭南特色美食展布展项目竞争性磋商公告,陕西 » 渭南市
BID-2025-05-04_69b78dff-8747-4575-bd86-4f7cce77d107,2025-05-04,https://www.zbytb.com/s-zb-57306265.html,陕西,仅招标,招标,孟村矿401103工作面采空区地面瞬变电磁勘探工程招标公告,陕西 » 咸阳市
BID-2025-05-04_33357fe6-6fd1-4099-9580-e8af7451340c,2025-05-04,https://www.zbytb.com/s-zb-57306084.html,陕西,仅招标,招标,孟村矿透明地质保障系统建设项目招标公告,陕西 » 咸阳市
BID-2025-05-04_1e83427b-5bce-4030-b0f2-4e3f3c4cc6f9,2025-05-04,https://www.zbytb.com/s-zb-57309882.html,陕西,仅招标,招标,中煤第三建设(集团)有限责任公司神木分公司天瑞煤矿项目部零星材料采购招标公告,陕西 » 榆林市
BID-2025-05-04_ff914066-d882-41f6-95ad-3f08ee82da34,2025-05-04,https://www.zbytb.com/s-zb-57308702.html,陕西,仅招标,招标,新建西安至十堰高速铁路西安东站站房及相关工程XDZSG-1标段预应力工程劳务分包招标公告,资质: 施工劳务不分等级
BID-2025-05-03_89711cb0-2d09-4f00-8d9a-28bf2b4a7965,2025-05-03,https://www.zbytb.com/s-zb-57305778.html,陕西,仅招标,招标,神瓦铁路土建一标项目经理部球铰竞争性谈判公告,项目报价: 500万元
BID-2025-05-03_f84c1e7d-8151-42c3-8b22-918a841bc58d,2025-05-03,https://www.zbytb.com/s-zb-57305635.html,陕西,仅招标,招标,陕西永明煤矿2025年矿井供暖托管运营谈判采购项目谈判采购公告,资质: 水土保持监测
BID-2025-05-03_96991cd7-bffc-49e0-a9e5-cf21018dabd1,2025-05-03,https://www.zbytb.com/s-zb-57305640.html,陕西,仅招标,招标,中铁二十三局集团有限公司第四分公司神瓦铁路土建四标项目经理部碎石、河沙竞谈招标公告,项目报价: 50万元
BID-2025-05-03_97b672fe-7b4f-4238-bd2a-dd337e3553e3,2025-05-03,https://www.zbytb.com/s-zb-57305580.html,陕西,仅招标,招标,陕西博选科技有限公司起重机械维修服务项目谈判采购公告,资质: 水土保持监测
BID-2025-05-03_af360658-63c4-411a-bdb8-34177120c29a,2025-05-03,https://www.zbytb.com/s-zb-57308741.html,陕西,仅招标,招标,中铁九局集团有限公司西康高铁XKZQ-7标段安康西站无柱雨棚、有柱雨棚及站台墙站台面工程招标公告,资质: 施工劳务不分等级
BID-2025-05-03_703bcf1c-46be-411e-8988-b8808cf4aa71,2025-05-03,https://www.zbytb.com/s-zb-57314702.html,陕西,仅招标,招标,西安研究院202504230001矿井水和矿区环境监测系统外协施工项目项目公告,陕西 » 西安市
BID-2025-05-03_fb42fc00-1c35-4926-9b34-a428e95fc50a,2025-05-03,https://www.zbytb.com/s-zb-57307853.html,陕西,仅招标,招标,国网陕西电力2025年第二次原集体企业市场化项目授权服务联合招标公告,陕西 » 延安市
BID-2025-05-03_f28e4b80-c9fd-4a6e-ba2d-d847756e9f9c,2025-05-03,https://www.zbytb.com/s-zb-57305820.html,陕西,仅招标,招标,中铁二十局集团有限公司西延铁路项目XYZQ-15标段项目经理部安全标识牌招标采购公告,陕西 » 西安市
BID-2025-05-03_82f3c8fa-ad61-4d5c-9169-bbb1d0e65e8b,2025-05-03,https://www.zbytb.com/s-zb-57305642.html,陕西,仅招标,招标,中铁二十三局集团有限公司第四分公司神瓦铁路土建四标项目经理部连续梁挂篮模板(采购、租赁)采购竞争性谈判公告,陕西 » 榆林市
BID-2025-05-03_8627940d-b4b7-4c81-9e7f-0bdafac232c7,2025-05-03,https://www.zbytb.com/s-zb-57305602.html,陕西,仅招标,招标,中交二公局第六工程局有限公司镇巴县城至长岭镇公路改建工程施工标段项目经理部广告标牌询价采购公告,项目报价: 9656万元
BID-2025-05-03_e8711acf-be4e-4b26-9121-1043251f1f89,2025-05-03,https://www.zbytb.com/s-zb-57314705.html,陕西,仅招标,招标,西安研究院202504200005A05项目瓦斯治理井下钻探分包项目公告,陕西 » 西安市
BID-2025-05-03_11f16ad8-d6a7-4a3d-9ca1-a06173f39782,2025-05-03,https://www.zbytb.com/s-zb-57308719.html,陕西,仅招标,招标,中铁九局集团有限公司西康高铁XKZQ-7标段安康西站无柱雨棚钢结构工程招标公告,资质: 钢结构工程专业承包二级
BID-2025-05-03_3df10977-9135-4fda-8c04-fa530d431645,2025-05-03,https://www.zbytb.com/s-zb-57305623.html,陕西,仅招标,招标,天津市公安局强制治疗管理总队(天津市公安局安康医院)天津市公安局强制治疗管理总队泰宁道装修改造项目性磋商公告,项目报价: 336万元
BID-2025-05-03_8cfc143d-702a-4e75-8572-e35f657dbcb4,2025-05-03,https://www.zbytb.com/s-zb-57308729.html,陕西,仅招标,招标,西安公司西安新华印务高端图书及医药包装印刷基地二期二标段(5号、6号厂房)项目安装工程专业分包招标文件招标公告,资质: 建筑机电安装工程专业承包
BID-2025-05-02_c0760d45-67ea-4e08-af7b-977aa00f284d,2025-05-02,https://www.zbytb.com/s-zb-57305344.html,陕西,仅招标,招标,陕西正通煤业2025年矿井地面及井下高压供电系统整定核算服务谈判采购项目谈判采购招标公告,资质: 承装（修、试）电力设施许可证
BID-2025-05-02_c8a0a9fe-788c-46d5-94f8-e094c42942aa,2025-05-02,https://www.zbytb.com/s-zb-57305345.html,陕西,仅招标,招标,陕西正通煤业有限责任公司高家堡矿井隐蔽致灾普查报告编制委托服务项目谈判采购公告,项目报价: 26万元
BID-2025-05-02_85319fc9-f854-4c6a-a57e-d40f2abfafef,2025-05-02,https://www.zbytb.com/s-zb-57308113.html,陕西,仅招标,招标,建一(核桃峪)钢材加工件0427变更通知招标公告,陕西
BID-2025-05-02_577810b3-2396-443d-ac43-c995ed181042,2025-05-02,https://www.zbytb.com/s-zb-57314707.html,陕西,仅招标,招标,西安研究院蒙陕及周边地区槽波地震探测项目钻井工程2025-2026.项目公告,陕西 » 西安市
BID-2025-05-02_3446b3bc-9dcc-46ba-aba7-5e7199a577f9,2025-05-02,https://www.zbytb.com/s-zb-57314709.html,陕西,仅招标,招标,西安研究院202504290004三维地震勘探野外数据采集项目.项目公告,陕西 » 西安市
BID-2025-05-02_c39b3e6d-0c89-4de1-b670-37a6006cbb81,2025-05-02,https://www.zbytb.com/s-zb-57308777.html,陕西,仅招标,招标,卓越领创中心项目临建绿化工程专业分包招标公告,资质: 建筑装修装饰工程专业承包一级
BID-2025-05-02_af7722ba-becf-450c-b9cb-d4d31d777148,2025-05-02,https://www.zbytb.com/s-zb-57308743.html,陕西,仅招标,招标,中铁九局集团有限公司西康高铁XKZQ-7标段安康西站路基土石方工程招标公告,资质: 施工劳务不分等级
BID-2025-05-02_1e3b48b6-7f94-4532-b3dc-30c7e75e1c01,2025-05-02,https://www.zbytb.com/s-zb-57308778.html,陕西,仅招标,招标,卓越领创中心项目临建围墙工程专业分包招标公告,项目报价: 72万元
BID-2025-05-02_1a13c3a9-5ffc-494b-9828-0f9c3e57f1ea,2025-05-02,https://www.zbytb.com/s-zb-57304494.html,陕西,仅招标,招标,渭河石鼓山段核心区滩区治理提升改造项目管理招标公告,项目报价: 4978万元
BID-2025-05-02_68549172-acaf-4c38-9ae7-1d7c93d71af5,2025-05-02,https://www.zbytb.com/s-zb-57305083.html,陕西,仅招标,招标,周至县艺术职业学校改建项目项目生态评价服务竞争性磋商公告,陕西 » 西安市
BID-2025-05-02_207b82b4-e8d3-427b-934c-febdea5d4eb1,2025-05-02,https://www.zbytb.com/s-zb-57304492.html,陕西,仅招标,招标,渭河石鼓山段核心区滩区治理提升改造项目监理招标公告,项目报价: 4978万元
BID-2025-05-02_99ceee3a-9ed1-4086-9d61-ccceea938e99,2025-05-02,https://www.zbytb.com/s-zb-57304493.html,陕西,仅招标,招标,渭河石鼓山段核心区滩区治理提升改造项目招标公告,资质: 水利水电工程施工总承包一级
BID-2025-05-02_1f345270-25a4-4cf4-aa8c-2e62cb06d840,2025-05-02,https://www.zbytb.com/s-zb-57308776.html,陕西,仅招标,招标,卓越领创中心项目临建地面标识及划线工程专业分包招标公告,资质: 防水防腐保温工程专业承包二级
BID-2025-05-02_3105d729-3fa8-433d-aebd-eebd47d241da,2025-05-02,https://www.zbytb.com/s-zb-57307852.html,陕西,仅招标,招标,国网陕西电力2025年第二次原集体企业市场化项目授权服务联合竞争性谈判采购项目招标公告,资质: 工程设计综合资质
BID-2025-05-02_094d8a6a-4aa3-4c2e-b938-bfd72bcf271b,2025-05-02,https://www.zbytb.com/s-zb-57309985.html,陕西,仅招标,招标,甲醇发电机组租赁服务采购项目招标公告,项目报价: 1000万元
BID-2025-05-02_c8509e73-4eb3-4784-a88f-60416d11adc6,2025-05-02,https://www.zbytb.com/s-zb-57307342.html,陕西,仅招标,招标,中国电力建设平桥水库供水灌溉工程商品混凝土采购项目竞价公告,资质: 预拌混凝土专业承包
BID-2025-05-01_a718feb6-3953-4f7b-bf6c-ddab328914e1,2025-05-01,https://www.zbytb.com/s-zb-57302924.html,陕西,仅招标,招标,陕西未来能源化工有限公司煤制油分公司原料车间、气化车间胶带修补、滚筒包胶及胶带更换维修询价项目采购公告,项目报价: 1000万元
BID-2025-05-01_59159f59-022d-4115-9853-8e8af7a70723,2025-05-01,https://www.zbytb.com/s-zb-57302908.html,陕西,仅招标,招标,中铁十四局集团有限公司山东能源集团西北区域总部项目经理部(减震垫板)采购公告,项目报价: 500万元
BID-2025-05-01_845a0cd4-e92a-4380-8869-c7de598a129e,2025-05-01,https://www.zbytb.com/s-zb-57302910.html,陕西,仅招标,招标,中铁十四局集团有限公司山东能源集团西北区域总部项目经理部(空气源热泵)采购公告,项目报价: 500万元
BID-2025-05-01_8f5c2b9c-58b6-42dc-83e5-891bbe44a984,2025-05-01,https://www.zbytb.com/s-zb-57302362.html,陕西,仅招标,招标,西部机场集团旅业有限公司法律顾问选聘项目采购公告,陕西 » 西安市
BID-2025-05-01_c8c9c623-c252-48c4-9356-a9ce08d89f1f,2025-05-01,https://www.zbytb.com/s-zb-57302377.html,陕西,仅招标,招标,陕西延长石油延安能源化工有限责任公司职工餐厅管理委托服务项目招标公告,资质: 食品经营许可证
BID-2025-05-01_4e6c9992-a534-4ea2-98d5-ba55147ac7f2,2025-05-01,https://www.zbytb.com/s-zb-57302272.html,陕西,仅招标,招标,陕西国能子洲项目钢材采购招标公告,陕西 » 渭南市
BID-2025-05-01_61dcbc62-2f34-4486-ace1-2ad9b41d1c2e,2025-05-01,https://www.zbytb.com/s-zb-57302085.html,陕西,仅招标,招标,西安浐灞高中项目造价咨询竞争性采购公告,资质: 工程造价咨询
BID-2025-05-01_cdc08ba3-c764-4c6d-b430-0d0cd5cbc6f2,2025-05-01,https://www.zbytb.com/s-zb-57302284.html,陕西,仅招标,招标,榆林能源郭家湾煤矿2024年专项资金绿化工程招标公告,项目报价: 500万元
BID-2025-05-01_e10f1376-e77f-4af9-8c39-7426ebbaa674,2025-05-01,https://www.zbytb.com/s-zb-57302011.html,陕西,仅招标,招标,2025年实景三维广西建设—近岸海域水下地形测绘项目的更正公告,资质: 测绘
BID-2025-05-01_48da379e-713f-4449-b507-17285f75ef19,2025-05-01,https://www.zbytb.com/s-zb-57301459.html,陕西,仅招标,招标,西安市佳木斯机场改扩建工程飞行区场道工程第三方检测招标公告,资质: 检验检测机构
BID-2025-05-01_38e4a616-9fb6-4c1f-9ca7-de3f5ed39825,2025-05-01,https://www.zbytb.com/s-zb-57301725.html,陕西,仅招标,招标,渭水九路(秦王一路-秦王二路)道路管网、照明、交通、人行道及绿化工程第三方检测采购竞争性磋商公告,资质: 建设工程质量检测机构
BID-2025-05-01_02e19a19-3206-4b22-9f8a-9fac5e5c4d47,2025-05-01,https://www.zbytb.com/s-zb-57301724.html,陕西,仅招标,招标,大唐芙蓉园景区物资采购定点供货项目招标公告,资质: 食品经营许可证
BID-2025-05-01_7ae50249-11c5-4f92-8de5-404543afbb9b,2025-05-01,https://www.zbytb.com/s-zb-57301311.html,陕西,仅招标,招标,西安市陕西秦岭北麓主体山水林田湖草沙一体化保护和修复工程市级项目周至县山前控制带终南镇、九峰镇4村土地综合整治工程监理二次招标公告,资质: 工程监理综合资质
BID-2025-05-01_a2c5e1ce-e375-4669-9ee5-2d16f4b54395,2025-05-01,https://www.zbytb.com/s-zb-57306518.html,陕西,仅招标,招标,郑州华粮科技股份有限公司咸阳某项目采购内环流和空调设备竞价采购公告,陕西 » 咸阳市
BID-2025-05-01_65e95df9-1789-4158-a140-655d5c196179,2025-05-01,https://www.zbytb.com/s-zb-57301326.html,陕西,仅招标,招标,中盐榆林盐化有限公司中盐榆林5月份50%液碱采购公告,项目报价: 5万元
BID-2025-05-01_7ca01f8e-b88b-4151-bb57-c3fc70073abe,2025-05-01,https://www.zbytb.com/s-zb-57303040.html,陕西,仅招标,招标,渭南市水务局渭南市农村供水高质量发展规划社会稳定风险评估报告编制项目采购更正公告(第一次)招标公告,陕西 » 渭南市
BID-2025-05-01_58a769cc-c600-4de1-934a-62f6c350769d,2025-05-01,https://www.zbytb.com/s-zb-57302217.html,陕西,仅招标,招标,西核设备乏燃料运输容器气压和取样系统25N071FZGJ-7、15、16等紧固件采购公告,陕西 » 西安市
BID-2025-05-01_2bc370c2-38f3-458c-8714-d7b849d89314,2025-05-01,https://www.zbytb.com/s-zb-57300206.html,陕西,仅招标,招标,宁强县省级绿色食药专业园区基础设施提升项目雨污管网改造项目招标公告,资质: 市政公用工程施工总承包三级
BID-2025-05-01_ad3f2cc4-6f51-4f50-9267-075e4d52d8cb,2025-05-01,https://www.zbytb.com/s-zb-57300215.html,陕西,仅招标,招标,高新区枣林六街市政道路建设项目资格预审公告,资质: 市政公用工程施工总承包二级
BID-2025-05-01_d87f45e2-e800-454b-ac5a-fb302acb2ad7,2025-05-01,https://www.zbytb.com/s-zb-57300212.html,陕西,仅招标,招标,长安国金中心1号楼装修改造项目工程总承包(EPC)资格预审公告,资质: 建筑工程施工总承包三级
BID-2025-05-01_1d30faa8-5ebc-448e-873c-7c641442ffea,2025-05-01,https://www.zbytb.com/s-zb-57302532.html,陕西,仅招标,招标,中铁一局集团第三工程有限公司531项目主体、二次结构工程劳务招标公告,项目报价: 2104万元
BID-2025-05-01_3b917a6c-d430-4638-9f9e-742eb219075d,2025-05-01,https://www.zbytb.com/s-zb-57300213.html,陕西,仅招标,招标,陕西建工集团股份有限公司高性能钛合金制品生产基地建设项目一标段室外工程资格预审公告,资质: 建筑工程施工总承包三级
BID-2025-05-01_e4a89f51-d4a1-4a89-a88d-3c7b0106b3b4,2025-05-01,https://www.zbytb.com/s-zb-57300211.html,陕西,仅招标,招标,陕西秦岭北麓主体山水林田湖草沙一体化保护和修复工程市级项目周至县山前控制带终南镇、九峰镇4村土地综合整治工程监理二次招标公告,资质: 工程监理综合资质
BID-2025-05-01_3c2a00f7-1a37-4d60-b98d-bb2e6096f57b,2025-05-01,https://www.zbytb.com/s-zb-57302707.html,陕西,仅招标,招标,中铁一局集团有限公司西延高铁西安枢纽工程XYLZQ-2标段项目部(二分部)辅助材料竞争性谈判采购谈判公告,项目报价: 110700元
BID-2025-05-01_768c6cb6-98d6-4313-9ad5-1c1a7a0d2f5a,2025-05-01,https://www.zbytb.com/s-zb-57301313.html,陕西,仅招标,招标,中国化学工程第十四建设有限公司-国能榆林化工5万吨年聚乙醇酸示范项目(优化改造二阶段)土建安装工程安装工程二标段劳务分包招标项目公告,资质: 施工劳务不分等级
BID-2025-05-01_59fec6f1-a166-44e8-854e-5e816de220e5,2025-05-01,https://www.zbytb.com/s-zb-57303185.html,陕西,仅招标,招标,﻿陕西金源招贤矿业有限公司矸石仓维修项目招标公告,资质: CMA
BID-2025-05-01_597bb843-c9a3-4786-a451-85dab82856ed,2025-05-01,https://www.zbytb.com/s-zb-57300962.html,陕西,仅招标,招标,东馆镇、罗湖镇、温泉镇等7个乡镇城镇开发边界内详细规划技术服务项目招标采购公告,资质: 城乡规划编制甲级
BID-2025-05-01_caae1d8f-544a-4008-8c25-8d8ef91308ef,2025-05-01,https://www.zbytb.com/s-zb-57308791.html,陕西,仅招标,招标,中铁建工集团有限公司西十高铁陕西段XSZF-1标段项目附属二次结构及装修工程劳务分包招标公告,资质: 工程测量
BID-2025-05-01_87b18921-4a4e-46db-9827-70bb3f845247,2025-05-01,https://www.zbytb.com/s-zb-57302535.html,陕西,仅招标,招标,中铁一局集团第三工程有限公司531项目土方工程劳务招标公告,项目报价: 1371万元
BID-2025-05-01_69d2d5b5-09b3-42a4-b897-a2c85a6cd6e2,2025-05-01,https://www.zbytb.com/s-zb-57302926.html,陕西,仅招标,招标,陕西未来能源化工有限公司煤制油分公司水务车间钢衬塑管维修询价项目采购公告,项目报价: 1000万元
BID-2025-05-01_e200e65e-0d3a-44c3-b705-460605e3ffb2,2025-05-01,https://www.zbytb.com/s-zb-57301179.html,陕西,仅招标,招标,高新至鄠邑高速复合通道工程立体城市(桥下空间)规划方案研究编制服务招标公告,资质: 城乡规划编制
BID-2025-05-01_6d66b5c3-0597-4011-aab0-7a1800b14a22,2025-05-01,https://www.zbytb.com/s-zb-57302580.html,陕西,仅招标,招标,中铁三局建安公司西北农林科技大学北校区19号学生公寓项目防水工程招标公告,资质: 防水防腐保温工程专业承包二级
BID-2025-05-01_ba457a21-c57a-434f-b08e-f7eb0eaf37a0,2025-05-01,https://www.zbytb.com/s-zb-57302416.html,陕西,仅招标,招标,中铁十四局集团有限公司山东能源集团西北区域总部项目经理部砂浆材料采购询价公告,项目报价: 500万元
BID-2025-05-01_410af94a-93d8-4926-8d8c-50b62b5158b7,2025-05-01,https://www.zbytb.com/s-zb-57300208.html,陕西,仅招标,招标,丹凤县竹林关镇丹宁高速公路拆迁安置点项目一期工程(洲河北村安置点、张塬村安置点)招标公告,资质: 市政公用工程施工总承包三级
BID-2025-05-01_592dc7d8-9d2a-477e-abf9-20b0efcea420,2025-05-01,https://www.zbytb.com/s-zb-57300209.html,陕西,仅招标,招标,泾河新城崇文·尚学住宅小区(三期)剩余工程施工招标公告,资质: 建筑工程施工总承包三级
BID-2025-05-01_7817d41d-974f-449f-8012-0bea275c681c,2025-05-01,https://www.zbytb.com/s-zb-57302119.html,陕西,仅招标,招标,中国电建水电三局沙河抽蓄电站项目柴油采购项目招标公告,资质: 危险货物运输
BID-2025-05-01_98c97122-d3b6-4b15-ba40-86f2cc19cc9e,2025-05-01,https://www.zbytb.com/s-zb-57302538.html,陕西,仅招标,招标,中铁九局集团有限公司(西康高铁XKZQ-7标段项目经理部一工区)赵家山隧道进口边坡整治绿化工程招标公告,资质: 施工劳务不分等级
BID-2025-05-01_8d8a77ae-7d7a-4b71-951b-c1227cc24e5f,2025-05-01,https://www.zbytb.com/s-zb-57302579.html,陕西,仅招标,招标,中铁三局建安公司西北农林科技大学北校区19号学生公寓项目桩基工程招标公告,资质: 地基基础工程专业承包三级
BID-2025-05-01_aaa10986-200a-42a4-ae73-7b4a51e85df1,2025-05-01,https://www.zbytb.com/s-zb-57301523.html,陕西,仅招标,招标,中国电建西北院陕投白水雷牙光伏发电项目涉网性能服务工程委托竞争性谈判公告,陕西 » 渭南市
BID-2025-05-01_3e487206-12c9-4004-b36d-f14c2b1eceae,2025-05-01,https://www.zbytb.com/s-zb-57302923.html,陕西,仅招标,招标,陕西未来能源化工有限公司煤制油分公司污水处理气化废水冷却塔维修询价项目采购公告,项目报价: 1000万元
